sent_to,count
Department of Health and Social Care,576
NHS England,467
Care Quality Commission,129
Department for Transport,118
HM Prison and Probation Service,114
Ministry of Justice,100
Home Office,77
REDACTED,76
Betsi Cadwaladr University Health Board,73
Health and Safety Executive,55
National Institute for Health and Care Excellence,53
National Police Chiefs Council,47
Department for Education,45
Network Rail,40
The Care Quality Commission,36
College of Policing,36
Medicines & Healthcare Products Regulatory Agency,34
National Institution for health and care excellence,33
Greater Manchester Police,31
Blackpool Teaching Hospitals NHS Foundation Trust,30
Metropolitan Police Service,30
Metropolitan Police,28
,27
Highways England,27
Greater Manchester Mental Health NHS Foundation Trust,27
General Medical Council,27
Brighton and Sussex University Hospitals NHS Trust,27
Leeds Teaching Hospitals NHS Trust,25
Pennine Care NHS Foundation Trust,25
Pennine Care NHS Trust,25
Aneurin Bevan University Health Board,25
Bedfordshire Hospitals NHS Foundation Trust,24
Royal College of Paediatrics and Child Health,24
NHS Bury Clinical Commissioning Group,23
University Hospitals Birmingham NHS Foundation Trust,22
Care UK,22
Barts Health NHS Trust,21
Greater Manchester Health and Social Care Partnership,21
Stockport NHS Foundation Trust,21
HMPPS,21
Wales Ambulance Service NHS Trust,20
Association of Ambulance Chief Executives,20
Royal College of Psychiatrists,20
West Midlands Police,20
University Hospitals Bristol NHS Trust,19
Norfolk and Suffolk NHS Foundation Trust,19
Ministry of Defence,19
Worcestershire Acute Hospitals NHS trust,19
Transport for London,18
Civil Aviation Authority,18
Derbyshire Healthcare NHS Foundation Trust,18
Cardiff and Vale University Health Board,18
East Midlands Ambulance Service,17
Cornwall Council,17
Department for Digital Culture Media and Sport,17
Surrey County Council,17
Nottingham University Hospital NHS Trust,17
Greater Manchester Integrated Care,17
The Home Office,17
Surrey and Borders Partnership NHS Foundation Trust,17
North West Ambulance Service,16
Welsh Ambulance Service Trust,16
Birmingham and Solihull Mental Health Foundation Trust,16
Durham County Council,16
Nursing and Midwifery Council,16
Royal College of Physicians,15
Avon and Wiltshire Mental Health Partnership NHS Trust,15
National Highways,15
Department of Work and Pensions,15
Public Health England,15
HMP Pentonville,14
Welsh Government,14
Essex Partnership University NHS Foundation Trust,14
Oxleas NHS Foundation Trust,14
Surrey Police,14
South East Coast Ambulance Service,14
Royal College of Anaesthetists,13
Sussex Partnership NHS Trust,13
Central and North West London NHS Foundation Trust,13
Cwm Taf University Morgannwg Health Board,13
East Kent Hospital University NHS Foundation Trust,13
Birmingham City Council,13
Driver and Vehicle Licensing Agency,13
NHS Digital,13
Sussex Partnership Foundation Trust,13
Queen Elizabeth Hospital,12
North East London Foundation trust,12
Norfolk and Suffolk NHS Trust,12
South Central Ambulance Service,12
Royal College of Emergency Medicine,12
Milton Keynes University Hospital,12
Manchester University NHS Foundation Trust,12
East London NHS Trust,12
Barts Health NHS Foundation Trust,12
The Royal College of General Practitioners,12
Ministry of Housing Communities and Local Government,12
NHS Improvement,12
Swansea Bay University Health Board,12
Royal London Hospital,12
Essex Partnership University Trust,11
Devon Partnership NHS Trust,11
Department of Environment Food and Rural Affairs,11
NHS England & NHS Improvement,11
General Pharmaceutical Council,11
The Royal College of Obstetricians and Gynaecologists,11
Surrey and Sussex Healthcare NHS Trust,11
Royal College of General Practitioners,11
South London and Maudsley NHS Foundation Trust,11
Midlands Partnership University NHS Foundation Trust,11
ABMU Health Board,11
Cumbria County Council,11
Medicines and Healthcare products Regulation Agency,11
Lincolnshire County Council,11
United Lincolnshire Hospital Trust,11
East London Foundation Trust,11
Camden & Islington NHS Trust,11
Berkshire Healthcare NHS Foundation Trust,11
Health Education England,10
NHS England ,10
London Ambulance Service,10
East Lancashire Hospitals NHS Trust,10
Medway NHS Foundation Trust,10
Birmingham and Solihull Mental Health NHS Foundation Trust,10
County Durham and Darlington NHS Foundation Trust,10
Royal Stoke University Hospital,10
Camden and Islington NHS Foundation Trust,10
East of England Ambulance Service,10
G4S,10
MHRA: Medicines and Healthcare Products Regulatory Agency,10
East Midlands Ambulance Service NHS Trust,10
Royal College of Surgeons,10
Tameside and Glossop Integrated Care NHS Foundation Trust,10
Sussex Police,10
Oxleas NHS Trust,10
Royal College of Radiologists,9
British Transport Police,9
Shrewsbury and Telford NHS Trust,9
Greater Manchester Integrated Care Board,9
North Bristol NHS Trust,9
Worcestershire Acute Hospital NHS Trust,9
Powys County Council,9
Welsh Assembly Government,9
Stepping Hill Hospital,9
Maritime and Coastguard Agency,9
Home Office ,9
Cwm Taf Morgannwg University Health,9
Portsmouth Hospitals NHS Trust,9
Office for Product Safety and Standards,9
Frimley Health NHS Foundation Trust,9
South Wales Police,9
Worcestershire Health Care and NHS Trust,9
Coventry and Warwickshire NHS Trust,9
Welsh Ambulance Service NHS Trust,9
North East London Foundation Trust,9
NHS Pathways,8
Norfolk County Council,8
Practise Plus Group,8
National Probation Service,8
Cornwall Partnership NHS Foundation Trust,8
Tameside General Hospital,8
Central North West London NHS Foundation Trust,8
West Yorkshire Police,8
Royal College of Pathologists,8
Queen’s Hospital,8
University College London Hospitals NHS Trust,8
Warwickshire County Council,8
Driver and Vehicle Standards Agency,8
NHS Wales,8
Mid Yorkshire Hospitals NHS Trust,8
The College of Policing,8
University Hospital Southampton NHS Foundation Trust,8
Royal Cornwall Hospital,8
Oxford Health NHS Foundation Trust,8
Leicestershire Partnership NHS Trust,8
Royal College of Obstetricians and Gynaecologists,8
West Midlands Ambulance Service,8
East Suffolk and North Essex NHS Foundation Trust,8
Kernow Clinical Commissioning Group,8
University Hospitals of Leicester NHS Trust,8
West Sussex County Council,8
Royal Bolton Hospital,8
The Priory Group,7
Stockport Clinical Commissioning Group,7
Hywel Dda University Health Board,7
Healthcare Safety Investigation Branch,7
Hampshire County Council,7
Essex Police,7
Stockport NHS Trust,7
Cwm Taf Health Board,7
St George’s Hospital,7
Kings College Hospital,7
Royal Pharmaceutical Society,7
Western Sussex Hospital Trust,7
Nottinghamshire Healthcare NHS Trust,7
Nottinghamshire Healthcare NHS Foundation Trust,7
North East Ambulance Service NHS Trust,7
National Assembly for Wales,7
NHS England and NHS Improvement,7
Birmingham and Solihull Clinical Commissioning Group,7
Leed City Council,7
Association of Police Officers,7
British Medical Association,7
Avon Fire and Rescue Services,7
Staffordshire County Council,7
Walsall Healthcare NHS Trust,7
Trafford Clinical Commissioning Group,7
Calderdale Council,7
Maidstone & Tonbridge Wells NHS Trust,7
Dorset Healthcare University NHS Foundation Trust,6
Bedfordshire Police,6
Department for Transport ,6
Birmingham Community Healthcare NHS Trust,6
Birmingham Clinical Commissioning Group,6
Essex Partnership NHS Trust,6
Food Standards Agency,6
Devon County Council,6
Barts Health,6
Dorset Police,6
Doncaster and Bassetlaw Hospital NHS Foundation Trust,6
Birmingham and Solihull Integrated Care Service,6
OFCOM,6
Isle of Wight NHS Trust,6
NHS Brighton and Hove Clinical Commissioning Group,6
University Hospitals Sussex NHS Foundation Trust,6
University Hospital of North Midalnds,6
Mid and South Essex NHS Foundation Trust,6
Mid & South Essex NHS Trust,6
Tameside and Glossop Clinical Commissioning Group,6
Tees Esk & Wear Valley NHS Foundation Trust,6
Lincolnshire Police,6
Lincolnshire Partnership NHS Foundation Trust,6
BCP Council,6
Kent County Council,6
"Tees, Esk and Wear Valley NHS Trust",6
Sherwood Forest Hospitals NHS Foundation Trust,6
The Highways Agency,6
Herefordshire and Worcestershire Health and Care NHS Trust,6
Sandwell and West Birmingham NHS Trust,6
Royal Free Hospital,6
HC One,6
Plymouth Hospitals NHS Trust,6
HMP Wandsworth,6
Thames Valley Police,6
HMP Belmarsh,6
Sheffield Clinical Commissioning Group,5
Royal College of Nursing,5
Wiltshire Council,5
Secretary of State for Health and Social Care [REDACTED],5
Cumbria Northumberland Tyne and Wear NHS Foundation Trust,5
Sheffield City Council,5
Cornwall Partnership Foundation Trust,5
Royal Cornwall Hospital Trust,5
SoS for Health and Social Care,5
Serco,5
St George’s University Hospitals NHS Foundation Trust,5
South Central Ambulance Service NHS Trust,5
Central Manchester University Hospitals NHS Foundation Trust,5
South Staffordshire & Shropshire NHS Trust,5
South West London and St George’s Mental Health NHS Trust,5
South West Yorkshire Partnership NHS Foundation Trust,5
University Hospital Lewisham,5
St Peter’s Hospital,5
Tameside Clinical Commissioning Group,5
British Society of Gastroenterology,5
UK Health Security Agency,5
The Dudley Group NHS Trust,5
Brighton and Sussex University Hospitals,5
Brighton and Hove City Council,5
Yorkshire Ambulance Service,5
The National Institute for Health and Care Excellence,5
Rotherham Doncaster and South Humber NHS Foundation Trust,5
Great Western Hospital NHS Trust,5
Department for Business Innovation and Skills,5
Hertfordshire County Council,5
EMIS Health,5
MOD,5
London Fire Brigade,5
East London Foundation NHS Trust,5
Kent and Medway NHS and Social Care Partnership Trust,5
Highways Agency,5
Hellesdon Hospital,5
Milton Keynes Clinical Commissioning Group,5
Heart of England NHS Trust,5
HMP Wormwood Scrubs,5
HMP Woodhill,5
HMP Long Lartin,5
Frimley Park Hospital,5
West London Mental Health NHS Trust,5
Manchester University NHS Trust,5
Ministry for Justice,5
Department for Business and Trade,5
Northamptonshire Healthcare Foundation Trust,5
Department for Digital Culture Media & Sport,5
Oxford Health NHS Trust,5
Whittington Hospital NHS Trust,5
Whittington Health NHS Trust,5
Gloucestershire Hospitals NHS Trust,5
Northumbria Police,5
Norfolk and Norwich University Hospital,5
Dorset Council,5
Derbyshire County Council,5
National Highways ,5
NHS Northern Eastern and Western Devon Clinical Commissioning Group,5
Devon Partnership Trust,5
Devon and Cornwall Constabulary,5
Doncaster Royal Infirmary,5
Welsh Ambulance Service,5
southern Health NHS Trust,5
Bedford Hospital NHS Trust,5
Northern Health and Social Care Trust,4
Luton and Dunstable Hospital,4
North East Ambulance Service NHS Foundation Trust,4
Cygnet Health Care,4
Powys Teaching Health Board,4
Royal College Emergency Medicine,4
Cwm Taf Morgannwg University Health Board,4
Plymouth City Council,4
Isle of Wight Council,4
Manchester Mental Health and Social Care Trust,4
Sunderland City Council,4
North Cumbria University Hospitals NHS Trust,4
Suffolk County Council,4
Trafford Borough Council,4
George Eliot Hospital NHS Trust,4
The Lakes Care Centre,4
Royal Cornwall Hospitals NHS Trust,4
Stockport Metropolitan Borough Council,4
Medicines & Healthcare products Regulatory Agency,4
Clinical Commissioning Group,4
Independent Office for Police Conduct,4
West Mercia Police,4
Staffordshire Police,4
Oxford University Hospitals NHS Foundation Trust,4
Royal Berkshire NHS Foundation Trust,4
Joint Royal Colleges Ambulance Liaison Committee,4
Greater Manchester Integrated Care Partnership,4
British Society for Allergy and Clinical Immunology,4
Devon & Cornwall Police,4
Derbyshire Constabulary,4
Local Government Association,4
The Great Western Hospital,4
The East of England Ambulance Service NHS Trust,4
Leicester City Council,4
Dyfed-Powys Police,4
British Standards Institution,4
London Borough of Camden,4
East Kent Hospitals University NHS Foundation Trust,4
Priory Group,4
Practice Plus Group,4
East of England Ambulance NHS Trust,4
West Yorkshire Integrated Care Board,4
Department for Science Innovation and Technology,4
King’s College Hospital NHS Foundation Trust,4
Epsom & St Helier University Hospital NHS Trust,4
Essex County Council,4
London Borough of Lewisham,4
Bury Metropolitan Borough Council,4
Wiltshire Police,4
Tameside Metropolitan Borough Council,4
North Yorkshire County Council,4
Worcestershire County Council,4
National Patient Safety Agency,4
University Hospitals of Derby and Burton,4
Midlands Partnership NHS Trust,4
South Yorkshire Police,4
Cheshire and Wirral Partnership NHS Foundation Trust,4
South Western Ambulance Service,4
Salford Royal Hospital,4
Salford Royal NHs Trust,4
City Hospitals Sunderland NHS Foundation Trust,4
South Tyneside Council,4
Cheshire East Council,4
Milton Keynes Hospital,4
Highways Department,4
HMP Winchester,4
South London and Maudsley NHS trust,4
Advisory Council on the Misuse of Drugs,4
Canal and River Trust,4
South London & Maudsley NHS Foundation Trust,4
South Lincolnshire Clinical Commissioning Group,4
Nottinghamshire County Council,4
Nottingham West Clinical Commissioning Group,4
Black Country Partnership NHS Trust,4
New Cross Hospital,4
Northamptonshire Integrated Care Board,4
NHS,4
HMP Durham,4
Devon and Cornwall Police,4
Calderdale and Huddersfield NHS Trust,4
NHS Derby & Derbyshire Integrated Care Board,4
Royal Sussex County Hospital,4
Wye Valley NHS Trust,4
Northampton General Hospital,4
Royal Society for Prevention of Accidents,4
Hull University Teaching Hospitals NHS Trust,4
Product Safety and Standards,3
Dept. of Health and Social Care,3
Health Inspectorate Wales,3
Medicines and Healthcare Products Regulatory Agency MHRA,3
Department of Business Energy and Industrial Strategy,3
The Northern Care Alliance NHS Trust,3
OFSTED,3
University Hospital Leicester,3
Devon NHS Trust,3
Nottingham University Hospitals NHS Trust,3
"Department of Housing, Communities & Local Government",3
Department of Transport,3
Medway NHS Trust,3
Central London Community Healthcare NHS Trust,3
The Office of Rail & Road,3
Warwickshire Police,3
Prison and Probation Ombudsman,3
Warwick Hospital,3
Medway Maritime Hospital,3
Casualty Reduction Team,3
Manchester City Council,3
Avon and Wiltshire NHS Mental Health Trust,3
Denbighshire County Council,3
Portsmouth City Council,3
Manchester Clinical Commissioning Group,3
Midlands Partnership NHS Foundation Trust,3
Ofgem,3
Chesterfield Royal Hospital,3
Avon and Somerset Police,3
Cheshire East Highways Department,3
Tower Hamlets Council,3
Cornwall NHS Trust,3
Midlands Partnership Foundation Trust,3
Mid Yorkshire NHS Trust,3
University Hospitals Plymouth NHS Trust,3
London Borough of Tower Hamlets,3
London Borough of Redbridge,3
Milton Keynes Council,3
Maritime Coastguard Agency,3
Pennine Acute NHS Trust,3
University Hospitals Bristol and Weston NHS Foundation Trust,3
Bedfordshire Clinical Commissioning Group,3
Oldham Council,3
London North West University Healthcare NHS Trust,3
Birmingham Women’s and Children’s NHS Trust,3
Lincolnshire County Council Highways Department,3
Southern Health Foundation Trust,3
SECAMBS,3
Home Secretary,3
HM Courts and Tribunals Service,3
St Andrews Healthcare,3
Royal Yachting Association,3
Royal United Hospitals Bath NHS Foundation Trust,3
St George’s University Hospital,3
Hull University Teaching Hospital,3
Royal United Hospital,3
Greater Manchester Mental Health,3
Greater Manchester Fire and Rescue Service,3
Royal National Lifeboat Institute,3
Royal Free London NHS Trust,3
Google,3
Royal Free London NHS Foundation Trust,3
Gloucestershire Health & Care NHS Foundation Trust,3
Gloucestershire County Council,3
HMP Bedford,3
HMP Exeter,3
The Home Secretary,3
His Majesty’s Prison & Probation Service,3
Health and Care Professions Council,3
Sheffield Children’s NHS Foundation Trust,3
Shropshire Community Health NHS Trust,3
Heathview Medical Practice,3
Hampshire and Isle of Wight CCG,3
Sodexo,3
Hertfordshire Constabulary,3
Solent NHS Trust,3
Hampshire Constabulary,3
Somerset NHS Foundation Trust,3
HMP Wymott,3
Sandwell Hospital and West Birmingham Hospital NHS Trust,3
HMP Swansea,3
HMP Swaleside,3
HMP Hewell,3
HMP Guys Marsh,3
South Western Railway,3
Royal Devon and Exeter NHS Trust,3
Stoke on Trent City Council,3
Suffolk Constabulary,3
International Academies of Emergency Dispatch,3
Rochdale Metropolitan Borough Council,3
Kirklees Council,3
The Barking Havering and Redbridge University NHS Trust,3
Lancashire Care NHS Trust,3
Northern Care Alliance NHS Foundation Trust,3
Lancashire County Council,3
East Sussex County Council,3
East Riding of Yorkshire Council,3
East London NHS Foundation Trust,3
East & North Hertfordshire NHS Trust,3
EMIS,3
Leeds and York Partnership NHS Foundation Trust,3
RSSB,3
The Financial Conduct Authority,3
The General Medical Council,3
The Great Western Hospital NHS Foundation Trust,3
Light Rail Safety and Standards Board,3
Tees Esk Wear Valley NHS Foundation Trust,3
Essex Partnership University NHS Trust,3
Kent and Medway Integrated Care Board,3
Foreign and Commonwealth Office,3
Suffolk Highways,3
GEOAmey,3
Royal College of Paediatricians,3
Frimley Park Hospital NHS Trust,3
"Barking, Havering and Redbridge University Hospital",3
Surrey & Borders Partnership NHS Trust,3
Surrey and Borders Partnership,3
Royal College of GPs,3
Kent Police,3
James Paget University Hospital,3
Royal Borough of Greenwich,3
Swindon Borough Council,3
Royal Berkshire Hospital,3
TFL,3
Abertawe Bro Morgannwg University Health Board,3
Tameside Hospital NHS Trust,3
Lancashire Constabulary,3
London Borough of Hackney,3
Welsh Ambulance Trust,3
West Suffolk Hospital,3
NHS South Yorkshire Integrated Care Board,3
Bolton Council,3
North Manchester General Hospital,3
National Trading Standards,3
NHS Blood and Transplant,3
CNWL NHS Trust,3
North West Boroughs Healthcare NHS Foundation Trust,3
NHS Sussex Integrated Care Board,3
York & Scarborough Teaching Hospitals NHS Foundation Trust,3
North Lincolnshire Council,3
Bradford District Care NHS Trust,3
Wrexham County Borough Council,3
Camden Council,3
North East and North Cumbria Integrated Care Board,3
Cambridgeshire County Council,3
National Ambulance Service Medical Directors,3
NHS Dorset,3
British National Formulary,3
Birmingham Cross City Clinical Commissioning Group,3
Worcester Health and care Trust,3
West Midlands Ambulance Service University NHS Foundation Trust,3
National Fire Chiefs Council,3
North East Ambulance Service,3
Wolverhampton City Council,3
North Yorkshire Clinical Commissioning Group,3
North West Anglia NHS Foundation Trust,3
West London NHS Trust,3
Association of British Insurers,3
Welsh Ambulance NHS Trust,3
NHS Kent and Medway Clinical Commissioning Group,3
NHS Lancashire and South Cumbria Integrated Care Board,3
West Wales General Hospital,3
Weston Area Health NHS Trust,2
Renal Association,2
Resuscitation Council,2
Rhondda Cynon Taf County Bouorgh Council,2
North West Ambulance Service NHS Trust,2
Department for Culture Media and Sport,2
Princess Alexandra NHS Trust,2
The Alexandra Hospital,2
Emergency Call Prioritisation Advisory Group,2
National Association of Ambulance Medical Directors,2
Road Haulage Association,2
Energy UK,2
Tesco PLC,2
London Borough of Newham,2
Lancashire Teaching Hospitals,2
National Ambulance Resilience Unit,2
Kettering General Hospital NHS Foundation Trust,2
Wigan Council,2
East Sussex Healthcare NHS Trust,2
The British Society of Gastroenterology,2
East Surrey Hospital,2
Department for Education ,2
Landlord,2
The British Vehicle Rental and Leasing Association,2
North Essex Mental Health Partnership Trust,2
The Cambian Group,2
Barts NHS Trust,2
East Leicestershire and Rutland Clinical Commissioning Group,2
Environment Agency,2
London Borough of Southwark,2
British Maritime Federation,2
East Leicester Clinical Commissioning Group,2
Academy of Medical Royal Colleges,2
CAFCASS,2
James Paget University Hospital NHS Trust,2
British Association of Perinatal Medicine,2
Prime Life Limited,2
London Heliport,2
The Priory Hospital,2
Royal Berkshire Hospital Trust,2
National Fire Chiefs,2
British Cycling,2
THE NEWCASTLE UPON TYNE HOSPITALS NHS FOUNDATION TRUST,2
Rotherham Metropolitan Borough Council,2
Tadworth Children’s Trust,2
Kent & Medway Social Care Partnership Trust,2
Tameside Council,2
North East Hampshire and Farnham Clinical Commissioning Group,2
National Crime Agency,2
Tameside NHS Foundation Trust,2
National College of Policing,2
Tandridge District Council,2
Barnsley District General Hospital,2
Essex Highways Agency,2
Kent and Medway NHS,2
Kent and Medway NHS Trust,2
London Borough of Sutton,2
Kettering General Hospital,2
Epsom General Hospital,2
The Phoenix Partnership,2
Recovery Steps Cumbria,2
The Ministry of Justice,2
BAE Systems Ltd,2
Doncaster and Bassetlaw Teaching Hospitals NHS Trust,2
Liftmaster Ltd,2
London Borough of Havering,2
West Yorkshire Fire and Rescue Service,2
North London NHS Foundation Trust,2
NHS Lothian Scotland,2
North Wales Local Authorities,2
Queens Elizabeth Hospital NHS Trust,2
Lincolnshire Community Health Service NHS Trust,2
The Highways Authority,2
Disclosure and Barring Service,2
North Middlesex University Hopsital,2
Queen Elizabeth Hospital King’s Lynn NHS Foundation Trust,2
Department of Communities and Local Government,2
East Lancashire NHS Trust,2
Quality Care Commission,2
Bromley Council,2
Liverpool City Council,2
Liverpool Heart and Chest Hospital,2
Devon Clinical Commissioning Group,2
The London Ambulance Service,2
Derriford Hospital Trust,2
Derriford Hospital,2
North Somerset Council,2
Derby and Derbyshire Integrated Care Board,2
North Staffordshire Combined Healthcare NHS trust,2
Bedford Borough Council,2
Derby City Council,2
Dorset Clinical Commissioning Group,2
London Borough of Hounslow,2
Dorset County Council,2
Department for Housing Communities and Local Government,2
East Kent University Hospitals,2
Leeds City Council,2
The Chief Fire Officer’s Association,2
Reading Borough Council,2
ASSOCIATED BRITISH PORTS,2
NORTHAMPTON GENERAL HOSPITAL NHS TRUST,2
ELFT,2
London Borough of Lambeth,2
Durham Constabulary,2
British Thoracic Society,2
Leicester Partnership NHS Trust,2
Leicester Partnership Trust,2
Dudley Group of Hospitals NHS Trust,2
Sussex Partnership Trust,2
ROYAL NATIONAL LIFEBOAT INSTITUTION,2
Leicestershire NHS Trust,2
Princess Royal Hospital,2
Leicestershire Partnership Trust,2
The Faculty of Intensive Care Medicine,2
REDACTED ,2
North London Mental Health Partnership,2
The Food Standards Agency,2
Dorset Highways Department,2
Bassetlaw Clinical Commissioning Group,2
Lewisham & Greenwich NHS Trust,2
Lewisham Council,2
Lewisham and Greenwich NHS Trust,2
Northern Care Alliance,2
Foreign Commonwealth and Development Office,2
Wokingham Community Mental Health Team,2
Adult Social Services,2
HMP High Down,2
South Western Ambulance Service NHS Foundation Trust,2
HMP Leeds,2
South West and St George’s Mental Health Trust,2
Salford City Council,2
HMP Lindholme,2
Salford Royal Foundation Trust,2
HMP Garth,2
South West Yorkshire NHS Trust,2
Hillingdon Hospital NHS Trust,2
National Trust,2
Salford Royal Hospital NHS Trust,2
HMP Norwich,2
National Trust for the Isle of Wight,2
Sainsburys PLC,2
HMP Elmley,2
South West Ambulance Service Trust,2
HM Prison Cardiff,2
Borough Care Limited,2
HM Inspector of Prisons,2
HM Inspector of Railways,2
HM Inspectorate of Prisons,2
Homerton University Hospital,2
Borough Care,2
HM Prison Service,2
South Yorkshire Police Headquaters,2
SSP HEALTH,2
HMP Birmingham,2
Southend University Hospital,2
Southampton County Council,2
Southampton City Council,2
HMP Dovegate,2
South West London Integrated Care Board,2
HMP Portland,2
Sussex NHS Trust,2
Harbour Healthcare,2
Somerset County Council,2
Baedling Manor Care Home,2
BUPA,2
Blackpool Clinical Commissioning Group,2
Society of British Neurological Surgeons,2
Herefordshire Council,2
Harbour Healthcare Ltd ,2
Hammerson Plc,2
Herefordshire & Worcestershire Health and Care NHS Trust,2
Black Country Healthcare NHS Foundation,2
New Lodge Nursing Home,2
Sheffield Children’s NHS Trust,2
Health & Safety Executives,2
eBay UK Ltd,2
Somerset Foundation Trust,2
Advisory Panel on Deaths in Custody,2
HMP Preston,2
South Manchester University Hospital NHS Trust,2
HMP Rochester,2
South Wales Trunk Road Agent,2
South Tyneside NHS Trust,2
Natural Resources Wales,2
South Staffordshire and Shropshire Healthcare NHS Trust,2
Sandwell Metropolitan Borough Council,2
[REDACTED] President of The Royal College of Radiologists,2
South East Ambulance Service,2
Newham Council,2
Highway and Transport  Wiltshire Council,2
South London & Maudsley NHS Trust,2
Nestor Primecare,2
Birmingham Prison,2
Scotia Gas Network,2
Rugby Football League,2
Gwent Police,2
Guys & St Thomas NHS Trust,2
North Cumbria Integrated Care Trust,2
Royal College of Paediatrics,2
Alternative Futures Group,2
North Cumbria University NHS Trust: NHS England,2
Suffolk and North East Essex Integrated Care Board,2
Bristol City Council,2
GMMH NHS Trust,2
National Institute for Clinical Excellence,2
Bristol Community Health,2
GTD Healthcare,2
Intensive Care Society,2
National Institute for Health Care Excellence,2
General Chiropractic Council,2
Institute of Occupational Safety and Health,2
General Dental Council,2
Sunrise Senior Living,2
North Devon Council,2
Royal United Hospitals,2
Association of Anaesthetists,2
Barnet Enfield and Haringey Mental Health NHS Trust,2
JRCALC,2
Football Association,2
Dartford and Gravesend NHS Trust,2
Royal College of Midwives,2
Forward Trust,2
Amazon UK,2
Bristol University,2
Four Seasons Healthcare,2
Royal College of Obstetricians,2
Surrey Heartlands Clinical Commissioning Group,2
National Highways Agency,2
Royal College of Obstetrics and Gynaecology,2
Islands Roads,2
General Midwifery Council,2
"Barking, Havering & Redbridge University Hospitals NHS Trust",2
George Eliot Hospital,2
Royal Society for the Prevention of Accidents,2
Greater Manchester Combined Authority,2
Bradford Council,2
St Pancras Hospital,2
Barchester Healthcare,2
Greater Manchester Medicines Management Group,2
Wychavon District Council,2
Royal Surrey County Hospital,2
Royal Cornwall Hospital ,2
Greater Manchester NHS Area Team,2
Wythenshawe Hospital,2
Greater Manchester West Mental Health NHS Trust,2
Norfolk and Waveney Integrated Care Board,2
Norfolk and Norwich University Hospital NHS Foundation Trust,2
St George’s Mental NHS Trust,2
Royal National Lifeboat Institution,2
Great Ormond Street Hospital,2
Govia Thameslink Railways,2
Staffordshire Fire and Rescue Service HQ,2
Government Legal Department,2
Wrightington Wigan and Leigh NHS Trust,2
Incommunities,2
Royal Free Hospital ,2
Independent Police Complaints Commission,2
Gloucestershire NHS Trust,2
Stockport Borough Council,2
National Institute of Clinical Excellence,2
Bridgend County Borough Council,2
North Cumbria Integrated Care,2
Gloucestershire Care Services NHS Trust,2
Royal Devon University Healthcare Foundation Trust,2
Addaction,2
London Underground,2
British Standards Institute,2
Sheffield Health and Social Care NHS Foundation Trust,2
Trading Standards Institute,2
Peterborough City Council,2
Tower Hamlets Borough Council,2
NHS Greater Manchester Integrated Care,2
Nottingham and Nottinghamshire Integrated Care Board,2
Nottingham and Nottinghamshire Police,2
Virgin care Coventry LLP,2
Trading Standards,2
Virgin Care,2
Minister of State for Prisons,2
Pennine Care Trust,2
Anueron Bevan University Health Board,2
Veterinary Medicines Directorate,2
CWM Taff Health Board,2
Berkshire Integrated Care Board,2
Vehicle and Operator Services Agency,2
Cornwall & Isles of Scilly Integrated Care Board,2
Cormac,2
Trafford Council,2
Conway County Council,2
Nottinghamshire Police,2
Welsh Ambulance Services NHS Trust,2
Torbay and South Devon NHS Trust,2
Central Manchester University Hospitals,2
Avon and Somerset Constabulary,2
Walsall Manor Hospital,2
Walsall MBC,2
Walsall Local Authority,2
West Norfolk Clinical Commissioning Group,2
Mitie Care and Custody,2
Capita,2
Nottingham County Council,2
Manchester Mental Health NHS Trust,2
Nottingham Emergency Medical Service,2
Birmingham Women’s and Children’s NHS Foundation Trust,2
Philips Respironics,2
Coventry and Rugby Clinical Commissioning Group,2
"Ministry of Housing, Communities and Local Government",2
TomTom,2
Coventry City Council,2
NHS Birmingham and Solihull Integrated Care Board,2
Coventry & Warwickshire Partnership NHS Trust,2
Central Manchester NHS Trust,2
CQC North,2
Chartered Institute of Environmental Health,2
Trafford Metropolitan Borough Council,2
Maidstone and Tunbridge Wells NHS Foundation Trust,2
North Yorkshire Police,2
Medtronic,2
Cambridgeshire Constabulary,2
University Hospitals Coventry and Warwickshire NHS Trust,2
Oldham Clinical Commissioning Group,2
Clarion Housing Group,2
University Hospitals Bristol,2
Oxfordshire County Council,2
United Lincolnshire Hospital,2
Oldham Metropolitan Borough Council,2
One Hosing Group,2
Transport Research Laboratory,2
Chief Medical Officer for England,2
Merseyside Police,2
City Hospitals NHS Trust,2
University Hospital of Wales,2
Churchgate Surgery,2
Universities and Colleges Admissions Service,2
University College Hospital,2
Choice Support,2
Children’s Commissioner for England,2
Apple,2
Birmingham & Solihull Mental Heath NHS Trust,2
Office of Product Safety Standards,2
Chief Constable of Essex Police,2
Chelsea and Westminster Hospital,2
Mayor of Greater Manchester,2
Mayor of London,2
Complex Spine Clinic,2
Tredegar Practice,2
Cheshire Constabulary,2
5 Boroughs NHS Foundation Trust,2
Committee on Vaccination and Immunisation,2
Welsh Cycling,2
5 Borough Partnership NHS Trust,2
Pavilions,2
Turning Point,2
Cheshire and Wirral NHS Trust,2
Tyne and Wear NHS Foundation Trust,2
Partnerships In Care,2
College of Emergency Medicine,2
Chesterfield Royal Hospital NHS Foundation Trust,2
Chief Constable,2
Medication And Healthcare Products Regulatory Agency,2
Croft Shifa Health Centre,2
West Hertfordshire Hospitals NHS Trust,2
Watford General Hospital,2
Northwick Park Hospital,2
Arrowe Park Hospital,2
The Security Service,2
Care UK Clinical Services,2
Cumbria Constabulary,2
2gether NHS Trust,2
MFT,2
Care Outlook Ltd,2
The Royal Yachting Association,2
Luton Borough Council,2
Care Inspectorate Wales,2
MEDACS Healthcare,2
West Suffolk NHS Foundation Trust,2
The Royal College of Pathology,2
The Royal College of Physicians,2
The Royal Wolverhampton NHS Trust,2
CIOS ICB,2
"Cumbria, Northumberland, Tyne and Wear NHS Foundation Trust",2
Beko Plc,2
Cardiff & Vale University Health Board,2
Cardinal Healthcare,2
Northamptonshire Police,2
Cardiff and Vale NHS Trust,2
Monmouthshire County Council,2
Wandsworth Borough Council,2
Cardiff University,2
The Road Haulage Association,2
Not Listed,2
The Road Transport Industry Training Board,2
Royal Hallamshire Hospital,1
Serco Group,1
Oaks Medical Centre,1
Royal Orthopaedic Hospital NHS Foundation Trust ,1
Oasis Recovery Communites,1
Northamptonshire Children Safeguarding Partnership,1
Arboricultural Association,1
Royal Orthopaedic Hospital NHS Foundation Trust,1
Options for Care Ltd,1
Off the Rails Cafe,1
Royal Hampshire County Hospital,1
Optare,1
Royal Mail,1
Optum,1
Alexander House Health Centre,1
Royal Life Saving Society UK,1
Royal Institute of British Architects,1
Royal Hospital School,1
Serco House,1
Royal Orthopeadic Hospital,1
Alexandra View Care Home,1
Northamptonshire County Council,1
"Oak Court House, Wolverhampton City Council",1
Ashford and St Peter’s Hospitals NHS Trust,1
"Royal United Hospital, Bath",1
All Party Parliamentary Gas Safety Group,1
Northern General Hospital,1
Select Healthcare,1
Oracle UK Limited,1
Oadby and Wigston Borough Council,1
Royal Surrey County Hospital NHS Trust,1
Royal Surrey County Hospital NHS Foundation Trust,1
Senior Lawyer Professional Support,1
Oak Lodge Care Home,1
Royal Gwent Hospital,1
Al Hijrah School,1
Oak Side Surgery,1
Sheffield County Council,1
Oak Tree Mews Care Home ,1
Normanton Village View Nursing Home,1
Royal Pharmaceutical Society of Great Britain,1
North & Mid Wales Trunk Road Agency,1
Alexander Court Care Central,1
Oracle Health UK,1
Sequence Care Group,1
Air Liquide,1
Ashford and St Peter’s Hospital Trust,1
Office for Students,1
North Cumbria Integrated Care NHS Foundation Trust,1
Oldham Care Commissioning Group,1
Northern Gas Network,1
North Cumbria Integrated Care NHS Foundation Trust   ,1
North Cumbria Integrated Care NHS Trust ,1
Services for Children,1
North of England Commissioning Report,1
Newbury Park Health Centre,1
Royal Cornwall Hospital Trust ,1
Sett Valley Medical Centre,1
Alexandra Homes Ltd ,1
Shannon Court Care Centre,1
Aintree Hospitals NHS Trust,1
Royal College of Radiology,1
Shaw Healthcare,1
Shawe Lodge,1
Sheffield Children’s Hospital,1
Royal College of Speech and Language Therapists,1
Northern Care Limited,1
Royal Cornwall Hospital Truro,1
Alexandra Rose Care Home,1
Air Balloon Surgery,1
Royal Derby Hospital,1
Service Director for Environment Cornwall Council,1
Royal College of Surgeons of England,1
Oldham Borough Council,1
Royal College of Psychiatry,1
North Bristol Trust,1
Office of Rail and Road,1
Royal Free London NHS Foundation Trust ,1
Office of the Traffic Commissioner,1
Officer of the College of Policing,1
All Care In One Ltd   ,1
Alexandra & Crestview Surgeries ,1
North Court Care Home – Maven Healthcare ,1
ORCi,1
Ofsted,1
Sheffield Council,1
Old Bridge Surgery,1
Serco Prison Transport Services,1
Old Catton Medical Practice,1
One Medical Group,1
Serco Wincanton,1
Northampton General Hospital ,1
Royal Docks Medical Practice,1
Northampton General Hospital Trust,1
Royal Devon University Healthcare NHS Foundation,1
Ashgate House Nursing Home,1
Nottingham City Council,1
Sedgemoor District Council,1
"Secretary of State for Education, Department for Education",1
Army Headquarters,1
Nottingham University Hospitals,1
Scottish Cycling,1
Sainsbury’s,1
Next Stage,1
Northamptonshire Healthcare NHS Trust,1
Scottish Dental Clinical Effectiveness Programme,1
Northumbria Health Trust,1
Northumbria Health Care Trust,1
Seaton and Colyton Medical Practice,1
Secretary for Communities and Local Government,1
Nightingale Home Help Service,1
Scape Living Student Accommodation,1
Sainsburys,1
Newcastle upon Tyne Hospitals NHS Foundation Trust,1
Nottinghamshire Clinical Commissioning Group,1
Nightingale Hospital,1
Non-Executive Directors’ Association,1
Norfolk Community Health & Care NHS Trust ,1
Saga Homecare,1
Armed Forces Minister,1
Norfolk Community Health and Care NHS Trust,1
Saffronland Homes limited,1
Nottinghamshire Healthcare NHS Foundation Trust ,1
Schindler Ltd,1
Scania,1
Northern Medical Centre,1
Airedale NHS Trust,1
Sandwell Highways,1
Newton House (formerly Regency Hospital),1
Nottingham Clinical Commissioning Group,1
Sandwell Council,1
Newport City Council – Highways,1
Sandwell Borough Council,1
Sanctuary Housing,1
Newmarket Promotions Limited,1
Salter Labs,1
Salisbury Hospital NHS Trust,1
Sandwell Local Authority,1
Newham Social Care,1
Sapphire Independent Living,1
Norwich Practices Health Centre,1
Norvic Clinic,1
Nottingham Healthcare NHS Trust,1
Northwood Square,1
Newgate Medical Group,1
Nottingham Healthcare Trust,1
Nottingham North and East Clinical Commissioning Group,1
Northumbria Water,1
Northumbria Police Service,1
Sapphire House,1
Nottingham Police,1
Safety Matters Ltd,1
Newcastle Upon Tyne NHS Trust,1
Northfield Medical Practice,1
Rush Green Medical Centre,1
Nuffield Hospital,1
Nuffield Road Medical Centre,1
"Secretary of State for Health and Social Care, Department of Health and Social Care",1
Nursing & Midwifery Council,1
SALFORD ROYAL HOSPITAL FOUNDATION TRUST,1
Security Industry Authority,1
S & J Transport,1
Russells Hall Hospital ,1
Russell Hall Hospital,1
Rushcliffe Clinical Commissioning Group,1
Rushcliffe Care,1
Rush Court Nursing Home,1
Safety Matters (Legal) Limited,1
Rugby Football Union ,1
Norfolk Swift Response,1
Rugby Football Union,1
Area Transport and Highways,1
Newport County Council,1
Royton & Crompton Family Practice,1
Nuttall Ltd,1
Arden Court Nursing Home,1
Arts University Bournemouth,1
Royal Wolverhampton NHS Trust,1
Ashlea Medical Practice,1
SATH,1
Nuffield Health,1
SC Johnson and Son,1
Npower,1
Northern Rail Limited,1
Northern Rail,1
Arjo Huntliegh,1
Oracle and Cerner,1
Newcastle Upon Tyne City Council,1
Safety Assessment Federation,1
Newcastle Foundation NHS Trust,1
Safehands Ltd,1
Norfolk County Council- Adult Social Care,1
Safeguarding Adults Board,1
SW Yorks NHS Trust,1
SSP Health Ltd,1
Newcastle City Council,1
SMA Medical Practice,1
SHSC,1
Secretary of State for Health,1
Airedale NHS Foundation Trust ,1
SERCO Group Plc,1
Norfolk Police,1
Nottinghamshire Safeguarding Children Board,1
SE Galvanisers,1
SCAS Legal Services,1
"Secretary of State for Health and Social Care, 39 Victoria St London SW1H 0EU",1
Ashley Gardens Care Centre,1
President of the Royal College of Pathologists,1
Alliance Pharmaceutical,1
Pinderfields General Hospital,1
Philips Electronics UK Ltd,1
RCI,1
Phillips Healthcare,1
Quora,1
Anastasia Boat,1
Queen’s Harbour Master Portsmouth,1
Phoenix Care Centre,1
Queens Hospital Burton Upon Trent,1
Queens Hospital,1
Phoenix Futures,1
North London NHS Foundation Trust ,1
Phuket Highway District,1
Physio-Control UK Ltd,1
Queen Victoria NHS Trust,1
Queen Mary’s University of London,1
Orchard 2000 Pharmacy and General Pharmaceutical Council,1
Pindy Enterprises Limited,1
Queen Mary’s Hospital for Children,1
North Middlesex Hospital,1
Pintrest,1
Queen Elizabeth Hospital Trust,1
Anetic Aid Limited,1
Plateus Ltd,1
Queen Alexandra Hospital,1
Quarry House,1
Quarry Bank Medical centre,1
Pluss Work Choice,1
Quality and Exemplar Healthcare,1
North West Anglia NHS Trust,1
Plymouth City Council ,1
Pharmacy2U Limited,1
RCRP Strategic Partnership Board,1
RDaSH NHS Trust,1
Amphenol Thermometrics (UK) Ltd,1
Recovery Steps,1
Reckitt Benckisher Healthcare (UK) Ltd,1
"Reading University Universities UK
 ",1
North Essex Partnership University NHS Foundation,1
Reading Borough Council Adult Social Care,1
Ranc Care Home Ltd,1
Ramsay Healthcare UK,1
North Essex University NHS Trust,1
Rambleguard Ltd,1
Rail Safety Board,1
North West Collaborative Clinical Commissioning Group,1
Radis Community Care,1
Radiology Reporting Online LLP,1
Pennine NHS Trust,1
Northern Care Alliance NHS Group,1
RadcliffesLeBrasseur LLP,1
Radcliffe Manor House Care Home,1
Radcliffe Investment Properties,1
North Laine Medical Centre,1
Pentree Lodge Home,1
Persimmon Homes Severn Valley,1
Persona Care and Support Ltd,1
RPFI,1
RPAS,1
Petroc GP Group Practice,1
North London Forensic Service,1
RICS,1
Pfizer,1
Pharmaceutical Council,1
North Middlesex University Hospital NHS Trust ,1
QHS GP Care Home,1
Q-Park Limited,1
Priority Dispatch Corporation,1
North West Ambulance,1
Angel Solutions (UK) Limited,1
Princess Street Practice,1
Princess Royal University Hospital,1
Portsmouth Motocross Club,1
Aneurin University Health Board,1
Powys Highways Department,1
North West Ambulance Service ,1
Ashfield Surgery Sutton Coldfield,1
Practice 1 Keir Hardie Health Park,1
Princess Alexandra Hospital NHS Foundation Trust ,1
Aneurin Bevan University Health Board ,1
Precision Bodyshop Ltd,1
Prembrokeshire County Council,1
Premier League,1
Princess Alexandra Hospital,1
Princess Alexander Hospital,1
Premier Rescue Ambulance Services,1
Princess Aleandra Hospital,1
Prince Charles Hospital,1
Primebulk Shipmanagement Limited,1
North West Ambulance Service Trust NHS,1
Prime Minister's Office,1
Premiere Health Ltd,1
President of the Royal College of General Practitioners,1
Primary Care Support England,1
Primary Care NHS Devon,1
Pret-a-Manger,1
Prestwick Care,1
North Wales Police,1
North Wales Constabulary,1
Public Services,1
North Tyneside Hospital,1
Public Health for the Isle of Wight,1
Aneurin Bevan Health Board,1
Anglian Community Enterprise,1
Police Safer Roads Team,1
Police Service of Northern Ireland Belfast,1
North Midlands NHS Trust,1
Police and Crime Commissioner,1
Police and Prisons Ombudsman,1
Public Health,1
Provost Marshall (Army),1
Provident Housing,1
Prospect Park Hospital,1
North NHS Trust,1
Policy and Patient Safety Directorate,1
Proprietary Association,1
Porthleven Harbour and Dock Company,1
Professional Footballers’ Association,1
Portsmouth Hospital NHS Trust,1
Portsmouth Hospital NHS Trust ,1
Probation Service,1
Pristine Care Group Ltd,1
North Staffordshire Combined Healthcare Trust,1
Prison Officers Association,1
North Tees and Hartlepool NHS Trust,1
Prism Medical UK Ltd,1
Priory Hospital Roehampton,1
North Tyneside General Hospital,1
Priory Hospital,1
Priory Group of Hospitals,1
North West Fire Control,1
Red House Surgery,1
Red Oaks Care Community ,1
Royal Borough of Kensington & Chelsea,1
Royal Bolton Hospital ,1
Amey PLC,1
Royal Berkshire NHS Foundation Trust ,1
North West Waterways Canal & River Trust,1
P3 Charity,1
Roundwell Medical Centre,1
Roundhouse,1
Ashford and St Peter’s Hospital NHS Trust,1
PCRSteel Ltd.,1
PJ Care,1
Rotherham NHS Trust,1
Rotherham NHS Foundation Trust   ,1
Rotherham NHS Foundation Trust,1
PLASA,1
Amgen Limited,1
Rotherham Borough Council,1
Rother District Council,1
POM-EKO,1
Rossmere Park Care Home,1
Rossendale Nursing Home,1
Rossendale Borough Council,1
North West Route Director,1
North East Ambulance Trust,1
Park & Francis Surgery,1
Rosewood Lodge Nursing Home,1
Rosewood Healthcare Group,1
Park Holiday UK Limited,1
Park View Group Practice,1
Roseland Care Home,1
Oxleas NHS Mental Trust,1
Royal Borough of Kensington and Chelsea,1
Rosehill House Care Home,1
North Devon Healthcare NHS Trust,1
Alvaston Medical Centre,1
Orchard Care Homes,1
Ordnance Survey,1
Outlook Care Ltd,1
Aran Court Care Centre,1
North Devon District Council,1
Royal College of Obstetricians and Gynaecology for Clinical Quality,1
Amazon,1
Oxford Health NHS Foundation Trust ,1
Appleton Lodge Care Home,1
Royal College of Nursing and Midwifery,1
North Yorkshire County Council Highways Authority,1
Oxford University Hospital,1
North Yorkshire Council,1
Royal College of Gynaecologists and Obstetricians,1
Ambassador House Care Home,1
North Devon District Hospital,1
Royal College of General Practice,1
Oxford University Hospitals NHS Foundation Trust ,1
Oxfordshire County Council ,1
Oxfordshire County Council  ,1
President of the Royal College of Psychiatrists,1
"Royal College of Anaesthetists (RCOA)  
Faculty of Intensive Care Medicine (FICM) 
Royal College of Emergency Medicine (RCEM)
NHS England ",1
Ambulance Association,1
Oxleas,1
Oxleas Mental Health Trust,1
Oxleas NHS Foundation,1
Apple UK Limited,1
Royal College for GP’s,1
Parkdeane Holidays,1
Parkhill Group of Companies,1
Redbridge Clinical Commissioning Group,1
Ritchie Street Group Practice,1
Ringmead Medical Group,1
Richmond Clinic,1
Rhondda Cyon Taff Highways Department,1
Peel Holdings,1
Rhondda Cynon Taff County Borough Council,1
Rhondda Cynon Taf County Borough Council,1
Revon Healthcare ,1
Resuscitation Council UK,1
Resuscitation Council (UK),1
Resus Council UK,1
Peel Medical Practice,1
North East London Trust,1
"Pelham House, West Sussex",1
Reinbek Care Home,1
Pelican Partners Ltd,1
Pembrokeshire County Council Hall,1
Pendine Park Care Organisation,1
Reigate and Banstead Council,1
North West Motorway Police Group,1
Pennine Care Health Foundation NHS Trust,1
Regulatory Counsel and Disciplinary Officer,1
Regenesis Health Travel Limited,1
Pennine Care Mental Health Trust,1
Antron Manor Care Home,1
Regard Care,1
Reed Nursing Trust,1
Redningsselskapet,1
Redcar Council,1
North Essex Partnership NHS Foundation Trust,1
Risedale Estates Limited,1
Riversdale Care Home,1
Rosedale Care Home,1
Riverside Rest Home,1
North East Lincolnshire Council,1
Roseberry Care Centres,1
Ashford and St Peter Hospital,1
Rose Builders and Contractors Ltd,1
North East London Foundation Trust Goodmayes Hospital,1
North East London Foundation Trust ,1
Passmonds Care Home,1
Rope Green Medical Centre,1
Rookery Medical Centre,1
"Patient Safety Lead, County Durham and Darlington NHS Foundation Trust",1
Patient Transport UK Ltd,1
Patrick Stead Hospital,1
Paul Wainwright Construction Services Ltd,1
Rocky Lane Medical Centre,1
Roche Diagnostics Limited,1
"Rochdale, Heywood and Middleton Clinical Commissioning Group",1
Ashford Borough Council,1
Rochdale Heywood and Middleton Clinical Commissioning Group,1
Rochdale Borough Council,1
Rochdale Adult Care,1
Rochcare,1
Roads and Highways – Kirklees Council,1
Peabody,1
Road (Highways Safety) related deaths,1
Peabody Trust,1
Road & Rail,1
North East London NHS Foundation Trust ,1
Riverview Surgery,1
Peak Valley Housing Association,1
Amberley Hall Care Home,1
St Marien Hospital Trust,1
Sheffield Hospitals NHS Trust,1
University College Hospital NHS Trust,1
Unilink Software Ltd,1
United Care (North) Limited,1
United Children’s Services,1
ADAPT,1
United Lincolnshire Hospitals NHS Trust,1
United Pharmacy,1
United Response,1
Unity Insurance Services: Scouting and Scout Groups Insurance,1
Unity MAT,1
University College London Hospitals NHS Foundation Trust,1
Tynant Nursing Home,1
University College London Hospitals NHS Foundation Trust ,1
ACPO,1
University College London Hospitals NHS Trust ,1
ABTA – The Travel Association,1
University Hospital North Midlands,1
ABTA,1
ABMU HEALTH BOARD,1
University Hospital of North Staffordshire NHS Trust,1
University Hospital of South Manchester,1
Ultra Events Ltd,1
Uber Eats,1
URBN UK Ltd,1
UPS,1
UCB Pharma,1
UK Active,1
UK Athletics,1
UK Civil Aviation Authority,1
UK Cleaning Product Industry Association,1
UK Fatal Anaphylaxis Registry,1
UK Foundation Programme,1
UK Harbour Master’s Association,1
ADL PLC,1
UK Home Care,1
UK Kidney Association,1
UK Major Ports Group,1
UK Power Networks Holdings Ltd,1
UK Sport,1
UK Telehealthcare,1
UK-AFI,1
UKHSA,1
UKTram,1
UNMH,1
University Hospital of South Manchester NHS Foundation Trust,1
"University Hospital, Coventry",1
AACE’s National Directors of Operations Group,1
University of Manchester NHS Foundation Trust,1
University of South Wales,1
University of Southampton,1
University of Sussex,1
University of the Arts London,1
Unusual Rigging Ltd,1
Uplands Medical Practice,1
Upwell Street Surgery,1
Urban Housing Services,1
Urgent Care NHS England,1
Urgent Health UK,1
Vale Royal Area Highway Office,1
Vale of Glamorgan Council,1
Vantage Drilling Company,1
Various,1
Vascular Access Society of Britain and Ireland,1
Vehicle Operator Services Agency,1
Velindre University NHS Trust,1
Victoria Residential Home ,1
Villa Adastra Care Home,1
University of North Midlands Hospital NHS Trust,1
University of Leicester Hospitals NHS Trust,1
University Hospitals Birmingham ,1
University of Exeter,1
A2Dominion of The Point,1
University Hospitals Bristol NHS Trust ,1
University Hospitals North Midlands NHS Trust,1
University Hospitals Plymouth NHS Trust  ,1
A.J Way & Co Ltd,1
University Hospitals Sussex NHS Foundation Trust ,1
University Hospitals of Derby and Burton NHS Trust,1
University Hospitals of Leicester,1
A-ONE+,1
University Hospitals of Morecambe Bay NHS Foundation Trust,1
University Hospitals of Morecambe Bay NHS Trust,1
University Hospitals of North Midlands NHS Trust,1
University Hospitals of North Midlands NHS Trust ,1
University Hospitals of Northamptonshire,1
University Hospitals of Northamptonshire NHS Group,1
University Hospital’s of North Midlands,1
University of Arts London,1
University of Birmingham,1
University of Cambridge,1
Tyne Housing Association,1
Tyersal Farm,1
The Quality Care Commission,1
The Security Industry Authority,1
The Royal London Hospital,1
The Royal Pharmaceutical Society,1
The Royal Pharmaceutical Society ,1
"The Royal Wolverhampton, New Cross Hospital",1
The Salvation Army,1
The Samaritans,1
The Scout Association,1
The Scouts Association,1
The Secret Intelligence Service,1
The Showmen’s Guild of Great Britain,1
Twitter International Company,1
The Sixth Form Colleges Association,1
The Society of Radiographers,1
The Stockton Public House,1
The Student Health Service,1
The Surgery Chesterton,1
The Telecare Services Association ,1
The Timber Packaging and Pallet Confederation,1
The Trading Standards Institute,1
The Unite Group plc  ,1
The Royal Hallamshire Hospital,1
The Royal College of Surgeons of England,1
AGD Equipment Limited,1
The Royal College of Midwives.,1
The RAC Motorsports Association,1
The Rail Accident Investigation Branch,1
The Rail Maritime and Transport Union,1
The Range,1
The Red House (Ashtead) Limited,1
The Registered Nursing Home Association,1
The Resuscitation Council (UK),1
The Right Honourable Jeremy Hunt MP,1
The Right Honourable Theresa May MP,1
The Riverside Group Limited ,1
The Road Surface Treatments Association,1
The Robert Jones and Agnes Hunt Orthopaedic Hospital NHS Foundation Trust,1
The Roundwood Medical Centre,1
The Royal Albert Edward Infirmary,1
The Royal Bolton Hospital,1
The Royal Bolton Hospital NHS Foundation Trust,1
The Royal College of Emergency Medicine (‘RCEM’),1
ALLMI,1
The Royal College of General Practitioners (RCGP) ,1
The University Hospitals of Derby and Burton NHS FT,1
The University of South Manchester NHS Foundation Trust,1
The Village Medical Centre,1
Toyota PLC,1
AGCO Ltd,1
Trafford County Council,1
Trafford Crisis Resolution and Home Treatment Team,1
"Train Services, DLR",1
Transport Focus,1
"Transport Manager, Reading Borough Council",1
Transport and Rural Affairs at Suffolk County Council,1
ADS,1
Transport for London ,1
Transport for West Midlands,1
Travel Lodge,1
Treanor Pujol Limited,1
Treasury Solicitors,1
Treatment Direct Limited,1
Trent and Dove Social Housing,1
Tricuro,1
Trinity Medical Centre,1
Tunstall Response,1
Twinglobe Care Homes Limited,1
Tradomi S.L. Transporte,1
Toxbase,1
The Wallich Centre,1
Townhead Surgery ,1
The Waterfield Practice,1
The Yacht Harbour Association Ltd,1
The York Hospital,1
The Youth Justice Board,1
Thomas Cook,1
Thornton Heath Medical Practice,1
Thornton and Ross Ltd,1
Three Sisters Care Ltd,1
Timperley Care Home,1
Tissue Viability Nurses,1
Titan Containers Limited,1
Together Housing,1
Tonic Construction Ltd,1
Torbay Council,1
Torbay Hospital,1
Torbay and South Devon Clinical Commissioning Group,1
Totally Urgent Care,1
Tower Bridge Care Home,1
Tower Hamlets Social Services,1
Village Nursing and Care Home,1
Virgin Care Limited,1
Virgin Care Services Limited,1
Woking Borough Council,1
Wiltshire Landscape National Trust,1
Winchmore Hill Practice,1
Windmill House Care Home,1
Windsor and Maidenhead Community Mental Health Team,1
Wirral Clinical Commissioning Group,1
Wirral University Hospital Trust,1
Wirral University Teaching Hospital,1
Wirral University Teaching Hospital NHS Foundation Trust,1
Withybush General Hospital,1
Wolverhampton University,1
Vision and Cegedim,1
Wood Street Medical Centre,1
Woodlands Hospital,1
Woodlands Surgery,1
Woodley Centre Surgery,1
Woolwich Station Medical Centre,1
1. The Chief Executive of the Royal Society for the Prevention of Accidents,1
Worcestershire Acute Hospital NHS Trust ,1
Worcestershire Acute Hospital Trust,1
1. East London Foundation Trust (ELFT),1
"1. [REDACTED] , Chief Executive Officer, Barts Health NHS Foundation Trust",1
Wiltshire Constabulary,1
Wiltshire Clinical Commissioning Group,1
Wilsden Medical Practice,1
Whiston Hospital,1
White Branch Live Limited,1
White Horse Medical Practice,1
Whitefriars Housing,1
Whitelock Development,1
Whitepost healthcare Group,1
Whittington Health,1
1st Care 4U,1
Whittington Hospital,1
111 Service,1
Wibsey and Queensbury Medical Practice,1
Widnes Hall Care Home,1
Wigan Borough Clinical Commissioning Group,1
Wigan Discharge Team,1
Wigan Life Centre,1
Wigan Metropolitan Borough Council ,1
William Perkin High School,1
Williams and Spenceley Limited,1
Willow Grange Care Home ,1
Worcestershire Acute Hospitals Trust,1
1) [REDACTED] National Institute for Health and Care Excellence,1
Worcestershire NHS Trust,1
Your Health Partnership Regis Medical Centre,1
Youth Justice Board,1
Youth Justice Board for England and Wales,1
Zelltec Limited,1
Zinnia Healthcare Limited,1
"[REDACTED]
Lead Director Infrastructure Norfolk County Council
Martineau Lane
Norwich
NR1 2DH",1
"[REDACTED] CEO, NHS England",1
[REDACTED] Chief Executive of Digital Health & Care Wales,1
[REDACTED] HMP Garth,1
"[REDACTED] The Chief Executive Officer 
East London NHS Foundation Trust Trust Headquarters 
9 Alie Street 
London  
E1 8DE ",1
[REDACTED] The Secretary of State for the Department of Health and Social Care.,1
"[REDACTED], Chief Executive Officer, NHS England: [REDACTED]",1
"[REDACTED], Chief Executive of the Royal College of Midwives, [REDACTED],  Chief Executive of the Nursing and Midwifery Council, [REDACTED],  Chief Executive of the Royal College of Obstetrics, [REDACTED], Chief Executive of National Institute for Clinical Excellence, [REDACTED], Chief Executive of NHS England",1
"[REDACTED], Chief Executive, Medicines and Healthcare  Products Regulatory Agency (MHRA), 10 South Colonnade, Canary",1
"[REDACTED], Chief National Medical Examiner, National Medical Examiner’s Office, 6 Alie Street, London E1 8QT",1
"[REDACTED], Parliamentary Under-Secretary for Patient Safety, Women’s Health and Mental Health, 39 Victoria Street, London SW1H 0EU",1
"[REDACTED], President of The Royal College of Radiologists",1
"[REDACTED], Secretary of State for Health and Social Care",1
"[REDACTED], The Commissioner of Police of the Metropolis",1
"and 
4) [REDACTED], Leyden Delta Ltd.",1
Your Housing,1
Your Health Limited,1
Worcestershire Safeguarding Children’s Board,1
Youngman,1
Workforce and Corporate Business,1
Worthing Homes,1
Wrexham County Council,1
Wrightington Wigan,1
"Wrightington, Wigan and Leigh NHS Trust",1
"Wrightington, Wigan and Leigh Teaching Hospitals NHS Foundation Trust",1
Wychall Lane Surgery,1
YAS Legal,1
YOI Doncaster,1
Yeovil District Hospital,1
Ynys Mon County Council,1
York & Scarborough NHS Trust ,1
York House Surgery,1
York Road Pharmacy,1
1) NHS England 2) East Cheshire NHS Trust,1
Yorkshire Ambulance Service NHS Foundation Trust,1
Yorkshire Ambulance Service NHS trust ,1
Yorkshire Care Equipment,1
Yorkshire Water PLC,1
Whirlpool UK Appliances,1
Whirlpool UK,1
Whirlpool (UK) Appliances,1
Wanstead Place Surgery,1
Warrington Hospital,1
Warwick Medical School,1
Warwickshire City Council,1
999 Liaison Committee,1
Waste Industry Safety & Health Forum,1
Waterloo Manor Hospital,1
Waterside Medical Centre,1
Waveney Clinical Commissioning Group,1
Waveney River Centre,1
Waxham House Residential Care Home,1
Wayland Farms Limited,1
We Are With You charity,1
Weightmans LLP,1
Weightmans’s Solicitors,1
Wells Pharmacy,1
Wells Road Surgery,1
Wellsky,1
"5 Boroughs Partnership NHS Foundation Trust, Warrington",1
5 Boroughs Partnership,1
Ward Bros (Malton) Ltd ,1
"Wandsworth, Merton, Richmond and Sutton Borough Council",1
Welsh Ambulance Services NHS Trust.,1
Wandsworth Consortium Drug and Alcohol Services,1
Vita health Group : Kent and Medway Talking Therapies,1
Volvo Car Corporation,1
Volvo Group (UK) Limited,1
W E Rawson Ltd,1
W M Morrisons PLC,1
WELSH ASSEMBLY GOVERNMENT,1
WIGAN INTERGRATED CARE BOARD,1
WISH,1
Wakefield Council,1
Wakefield District Safeguarding Adults Board,1
A&B Healthcare Ltd,1
Wales and West Utilities,1
Wales prevention of future deaths reports (2019 onwards),1
A ONE+,1
Walsall Manor Hospital Trust,1
Walsall Mental Health Partnership,1
Walsall Metropolitan Borough,1
Walsall Metropolitan Borough Council,1
Walsall and Dudley Mental Health NHS Trust,1
5 Boroughs NHS  Foundation Trust,1
Welsh Ambulance Services University NHS Trust ,1
Whipps Cross Hospital,1
West Suffolk Hospitals,1
West Sussex County Council ,1
West Sussex County Social Services,1
West Timperley Medical Centre,1
West Wales General Hospital Glangwili Carmarthen,1
West Yorkshire Integrated Care Board  ,1
2) [REDACTED] Viatris UK Healthcare Ltd,1
West Yorkshire Police Force,1
West Yorkshire Police ,1
West Yorkshire and Harrogate Integrated Stroke Delivery Network,1
West of England Combined Authority,1
1st For Health International,1
Western Sussex Hospitals,1
Westlands Care Home,1
Westminster City Council,1
Weston NHS Foundation Trust,1
Westwood Hall Nursing Home,1
Westwood Homecare Limited,1
Wexham Park Hospital,1
Weymouth Street Hospital,1
West Suffolk NHS Foundation Trust ,1
West Quay Surgery,1
Welsh Government Health and Social Care,1
West Park Hospital,1
Welsh Government Office,1
Welsh Government ,1
Welsh Health Minister,1
Welsh Parliament ,1
Wessex Water Services Limited,1
West Berkshire Highways Authority,1
West Cheshire Clinical Commissioning Group,1
West End Garage,1
West London Alliance,1
West London Care Commissioning Group,1
49 Marine Avenue Surgery,1
West Mercia Constabulary,1
"3D Trans, Health and Safety Executive",1
West Midlands Ambulance Trust,1
West Midlands Combined Authority,1
West Midlands Fire Service,1
West Midlands Fire Service ,1
"3) [REDACTED], Britannia Pharmaceutical Ltd",1
West Midlands Police ,1
The Queen Elizabeth Hospital,1
The Professional Association of Diving Instructors,1
Sheffield Teaching Hospital Trust NHS Foundation Trust,1
Staffordshire County Council ,1
St Peter’s and Ashford Hospitals,1
St Richards Hospital,1
St Richard’s Hospital,1
St Thomas Hospital,1
St Thomas NHS Foundation Trust,1
Stafford Hospital,1
Stafford and Surrounds Clinical Commissioning Group,1
Staffordshire Clinical Commissioning Group,1
Aden Nursing Home,1
Staffordshire Highways ,1
Springfield Medical Practice,1
Staffordshire Moorlands District Council ,1
Stamford Quarter Shopping Centre,1
Stanley Park Care Centre,1
Steadplan Ltd,1
Adelaide Medical Centre,1
Steps2Recovery,1
Stewarts Law,1
StockXS Limited,1
Addison House Surgery,1
Adferiad Recovery,1
St Mungo’s ,1
St Mary’s Nursing Home,1
St Mary’s Hospital Warrington,1
Square Sail,1
St Andrew’s Surgery Hull,1
St Armands Court Residential Care Home,1
St Chads Medical Practice,1
St Charles Hospital,1
St Edward’s School,1
St George’s Epsom and St Helier Group,1
Adult Safeguarding Kent County Council,1
St George’s University Hospitals,1
Adullam Homes Housing Association,1
St Giles Care Home,1
St Giles Nursing Home,1
St Helens Clinical Commissioning Group,1
St John's Nursing Home,1
"St John’s College, Oxford University",1
St Lukes Primary Care Centre,1
New Scotland Yard,1
St Mary’s Health Centre,1
St Mary’s Hospital NHS Trust,1
Stockport Council,1
Stockport Homes,1
Stockport Integrated Care Partnership,1
Supreme Care Services Limited,1
Surrey Community Health,1
Surrey Constabulary,1
Adbolton Hall Nursing Home,1
Surrey Local Highways Services Group Manager,1
Adams Pharmacy,1
Surrey and Borders NHS Partnership Trust,1
"Acute Mental Health Services, West London NHS Trust",1
Acorn Lodge Care Home,1
Suspension Bridge Trustees,1
"Sussex Community Dermatology Service 
British Society of Dermatological Surgery",1
Sussex Community NHS Foundation Trust,1
Sussex Community NHS Trust,1
Sussex ICB ,1
Acis Housing,1
Sussex Partnership Foundation Trust ,1
Acer Mews Care Home,1
"Sustainable Improvement Team, NHS England",1
Sustrans,1
Sutton Local Safeguarding Children’s Board,1
"Surface Transport, Transport for London",1
Supported Independence Limited,1
Addcounsel,1
Sunrise Medical Limited,1
Stockton Care Limited,1
Stockton Council,1
Stockton NHS Foundation Trust,1
Stoke Mandeville Hospital,1
Stoke Talking Therapies,1
Stoke-on-Trent City Council,1
Stone Federation of GB,1
Stonefield Street Surgery,1
Stoneham Bass,1
Stretton Medical Centre,1
Stryker (UK) Ltd,1
Student Roost,1
Sub Aqua Association Spcae Solutions Business Centre,1
SubCPartner,1
Suffolk Constabulary Police Headquarters,1
Suffolk Safeguarding Partnership,1
Sunderland Royal Hospital,1
Sunnyside Nursing Home,1
Sunrise Care Home,1
Springhill Prison,1
Springfield House Care Home,1
"The Priory Hospital, Cheadle",1
Somerset NHS Foundation Trust (Musgrove Park Hospital Trust),1
SoS for DCMS,1
Affinity Healthcare Ltd,1
SoS of Health and Social Care,1
Social Care Partnership Trust,1
Social Services Truro Cornwall,1
Social Work England,1
Society for Cardiothoracic Surgery,1
Soilmec Limited,1
Solihull Mental Health Trust,1
Somerset NHS Trust,1
Springfield Hospital,1
Advocacy Together,1
Advisory Council on the Misuse of Drugs,1
South East Coast Ambulance Service NHS Foundation Trust,1
South East England Fire and Rescue Service,1
South Eastern Railways,1
South Essex NHS Partnership,1
South Essex Partnership Trust,1
South Essex Partnership University NHS Foundation Trust,1
South Kesteven District Council,1
Snowdonia National Park Authority,1
Snap Inc,1
Snap Group Limited,1
Slough Pharmacy,1
Sheffield Trust,1
Sheffield Wednesday Football Club,1
Shepherds Bush Medical Centre,1
Sheridan Teal House,1
Sherwood Forest Hospital Trust,1
Sherwood Forest Hospitals,1
Agrade Community Care Services,1
Shimano Inc,1
Shindig Events Limited,1
Shire Lodge Nursing Home,1
Affinity Water,1
Shropshire Council,1
Shropshire Safeguarding Partnership,1
Sibelco UK Ltd,1
Silver Birches Care Home,1
Skills for Care,1
Skillsforcare,1
Slough Borough Council,1
Slough Borough Council Highways Department,1
South London Islamic Centre,1
South Molton Community Hospital,1
South Molton Health Care Centre,1
Southend Hospital,1
Southmead Hospital,1
Southmead Hospital ,1
Southwark Council,1
Spaces and Places Limited,1
"Speaker’s Counsel, for the attention of the Parliamentary Authorities at the Palace of Westminster",1
Specsavers UK,1
Spectrum Community Health,1
Sphere Risk Health & Safety Management Ltd,1
Spider Project Café 71,1
Spire,1
Spire Bristol Hospital,1
Spire Harpenden Hospital,1
Spire Healthcare Limited,1
Spire Hospital,1
Sports Camp Tirol,1
Springbank Care Home Limited,1
Springcare Care Homes Ltd,1
Springfield Care Home,1
Springfield Health Care Services,1
Southern Health NHS Foundation Trust of Tatchbury Mount,1
South Yorkshire West NHS Foundation Trust,1
Advinia Healthcare Ltd,1
South Yorkshire Police ,1
South Tees Hospitals NHS Foundation Trust,1
South Tees Hospitals NHS Foundation Trust ,1
South Tees NHS Trust,1
South Tyneside and Sunderland NHS Trust,1
South Wales Fire and Rescue Service,1
Advanced Health & Care Ltd,1
South Warwickshire University NHS Foundation Trust,1
South West Ambulance Service,1
Adult and Community Services Suffolk County Council,1
South West National Trust,1
South West Regional Midwife,1
South West Trains,1
South West Yorkshire Partnership,1
South West Yorkshire Partnership Trust,1
South Western Ambulance NHS Foundation Trust,1
South Western Ambulance Service NHS Foundation Trust,1
South Western Ambulance Trust,1
South Western Railways,1
South Yorkshire Police HQ,1
Sutton and East Surrey Water Plc,1
Sutton and Merton Community Services,1
Swanage Medical Practice,1
The Heathers Nursing Home,1
The General Dental Council,1
The General Optical Council,1
The Glass and Glazing Federation,1
The Governor HMP Stocken,1
The Governor of HM Prison Parc ,1
"The Governor, HMP Berwyn",1
The Grange Care Centre,1
The Grove Medical Centre,1
"The Health and Safety Executive, Head of Health and Social Care Services",1
AR1 Homecare Limited,1
Able Care and Support Services Ltd,1
APEX Nursing Agency,1
The Home Office ,1
The Hub,1
The Institution of Fire Engineers,1
The Integrated Care Board (ICB) for North-East London,1
The Intensive Care Society,1
The International Powered Access Federation,1
The Isle of Wight Clinical Commissioning Group,1
The Italian Embassy,1
The Gambling Commission,1
The Freight Transport Association Ltd,1
The Forward Trust,1
The Forest of Marston Vale Trust,1
The Cotswold Hunt,1
The Council of Hunting,1
The County Surveyor,1
The Crescent Surgery,1
The Crossing Project,1
The Crown Premises Fire & Safety Inspectorate,1
The Dalmeny Hotal,1
The Difficult Airway Society,1
The Dog Legislation Office,1
The Driver Vehicle Standards Agency,1
The Duchy of Cornwall,1
ASHTON MEDICAL PRACTICE,1
The Dudley NHS Trust,1
The Enterprise Practice,1
The European Automobile Manufacturers’ Association,1
The Evergreen Surgery,1
The Federation of Tour Operators,1
The First Minister of Wales,1
The Foreign Secretary,1
The Ivy Grove Surgery,1
The Jackloc Company Ltd,1
The Jewish Free School,1
AMHP,1
The North Shore Surgery,1
The Nursing Midwifery Council,1
The Oaks and Woodcroft Care Home,1
The Office of the Rail Regulator,1
The Park Surgery,1
The Peligoni Club,1
The Pembroke Medical Practice,1
The Pennine Acute Trust,1
The Petroleum Enforcement Liaison Group,1
The Pipeline Industries Guild,1
The Portland Hospital,1
The Practice,1
The Practice Plc,1
The President of the British Society of Gastroenterology,1
The Princess Alexandra Hospital NHS Trust,1
The Princess Royal Hospital,1
The Priority Group,1
AMEY,1
The Priory Group Ltd,1
The Nerams Group ,1
"The National Food Crime Unit, Food Standard Agency",1
The Lawn Medical,1
The National Fire Chiefs Council,1
The Lawson Practice,1
The Leeds and York Partnership NHS Trust,1
The Lift and Escalator Industry Association,1
The Limehouse Practice,1
The Limes Care Home,1
The Limes Sheltered Housing,1
The Manor Clinic Folkestone Kent,1
The Manor House Care Home ,1
The Mayor of London,1
The Medical Centre,1
The Medical and Healthcare Regulatory Authority,1
The Metropolitan Police Service,1
"The Minister for Health and Social Services of Wales, [REDACTED]",1
The Minister of State for Crime Prevention,1
The Moat Surgery,1
The Monkstone House Care Home,1
The Motor Ombudsman,1
The National Counter Terrorism Security Office,1
The National Farmers Union,1
The City of Westminster,1
The City of London Police,1
The City of London,1
Tameside and Glossop Care NHS Trust,1
Abbeyfields the Dales Ltd,1
Tanglewood Cloverleaf Care Home,1
Taunton Couthy Hall,1
Taunton Deane District Council,1
Tavistock and Portman NHS Foundation Trust,1
Abbey Wood Lodge Care Home,1
Tees Esk and Wear Valley NHS Mental Health Foundation Trust,1
Abbey Place Nursing Home ,1
Teesside University Hospitals,1
Telecare Services Association,1
Telford and Wrekin Clinical Commission Group,1
Telford and Wrekin Council,1
Templemore Care Home,1
Tendering District Council,1
Terex Global Gmbh,1
Tesco Store PLC,1
Tesco Stores Limited,1
Tettenhall Medical Practice,1
Teva UK Ltd,1
Abbotsbury Elderly Persons Home,1
Tameside General Hospital NHS Trust,1
Thames Valley Police ,1
Abbotswood,1
Swansea Bay University Health Board ,1
Swansea Council,1
Swinfen Hall,1
Swinhoe Farm,1
Swiss Cottage Special School,1
Sydenham Green Group General Practice,1
SystemOne TPP Ltd,1
TEWV,1
THE NEWCASTLE UPON TYNE HOSPITALS NHS FOUNDATION TRUST ,1
TLC Nursing and Care,1
TPP,1
TPP Group Limited,1
TPP LTD,1
TRU,1
TUI UK,1
Tadworth Grove Care Home,1
Taff’s Well Medical Centre,1
Takeda UK Ltd,1
Tameside Borough Council,1
Abbey Healthcare  ,1
Thames Valley and Wessex Operational Delivery Networks,1
The Children’s Trust ,1
The British National Formulary,1
The British Orthopaedic Association,1
The British Retail Consortium,1
The British Standards Institute,1
The British Standards Institution,1
The British Thoracic Society,1
The Cambridge Nursing Home Ltd,1
The Canal and River Trust,1
The Caravan Club,1
Abbey Court Independent Hospital,1
The Castle Rock Group,1
The Chartered Society of Forensic Scientists,1
The Chief Executive Cardiff & Vale University Health Board,1
The Chief Executive Security Industry Authority (SIA),1
The Chief Executive Tesco PLC,1
The Chief Executive Total Security Services Limited (TSS),1
The Chief Executive of National Highways,1
The Chief Executive of Powys Teaching Hospital Board,1
The Chief Executive of the Energy and Utilities Skills,1
The Children’s Guardian,1
The British Obesity and Metabolic Surgery Society,1
The British Heart Foundation,1
Thameside Prison,1
The British Hang Gliding and Paragliding Association Ltd,1
The 700 Club,1
The AACE,1
The Adventure Company,1
The Agricultural Engineers Association,1
The Alexandra Court Care Home,1
The Associate of Pallet Networks,1
The Association of Ambulance Chief Executive,1
The Association of Conservative Clubs LTD,1
The Association of Independent Tour Operators,1
The Avenues Trust Group,1
The Beaufort Road Surgery,1
The Bexley Medical Group,1
The Black Country Family Practice,1
The Borchardt Medical Centre,1
The Brewery,1
The Brinnington Surgery ,1
The British Agricultural and Garden Machinery Association,1
The British Army,1
The British Association of Urological Surgeons,1
Newark and Sherwood Clinical Commissioning Group,1
"Ministry of Justice c/o Government Legal Department, London",1
New Park Residential Home,1
Director of Public Prosecutions,1
Bay Boats Limited,1
Devon and Cornwall Police Adult Safeguarding Team,1
Difficult Airway Society,1
Digital,1
Digsafe Suction Excavations Limited,1
Dinnington Group Practice,1
Diocese of Westminster,1
Diprobase Bayer Public Limited,1
Director of Housing,1
Directorate South West,1
Bayer Plc,1
Dispensing Doctors Association,1
Divine Health Services,1
Dolby Vivisol,1
Doncaster Bassetlaw Teaching Hospital,1
Doncaster Borough Council,1
Doncaster Council,1
Doncaster County Council,1
Doncaster Highways Services,1
Bausch & Lomb UK Ltd,1
Baycroft Care Homes,1
Devon NHS Integrated Care Commission,1
Belong Village,1
Derbyshire Community Health Services NHS Foundation Trust,1
Department of State for Social Care,1
Departmet for Housing Communities and Local Government,1
"Departmet for Housing, Communities and Local Government",1
Depaul UK,1
Deputy Director of Patient Safety NHS England,1
Deputy Mayor of Greater Manchester,1
Derby and Burton Hospital,1
Derby and Burton NHS Foundation Trust,1
Derbyshire Community Health Services,1
Beccles Medical Centre ,1
Devon Local Medical Committee,1
Beatson Clark,1
Derbyshire Healthcare NHS Trust,1
Derbyshire NHS Foundation Trust,1
Derwent Students,1
Beacon Healthcare,1
Devon Highways,1
Devon ICB,1
Devon Integrated Care Board,1
Devon Local Medical Centre,1
Doncaster Royal Infirmary ,1
Bath and North East Somerset Clinical Commissioning Group,1
Donneybrook Medical Centre,1
Each Step Nursing Home,1
Basildon Hospital Trust,1
EAM Care Group,1
EEAST,1
EFAS,1
EKO-INVEST,1
Basildon Hospital NHS Trust,1
ENT,1
ERYC Highways Department ,1
EURO-EKO,1
East Anglia Team,1
Bateman Engineering Ltd,1
East Cheshire NHS Trust,1
East Kent Hospital Foundation Trust,1
Basildon Hospital (Mid & South Essex NHS Trust),1
East Kent Hospitals NHS Trust ,1
East Kent University Hospital NHS Trust,1
East Kent University Hospitals Foundation Trust,1
Basildon Car Park Management,1
East Lancashire Hospitals Trust,1
East Lancashire Teaching Hospitals,1
Dulwich Dive Club,1
Dudley and Walsall Mental Health NHS Trust,1
Dudley Integrated Health and Care NHS Trust,1
"Drug, Alcohol Action Team Cornwall Council",1
Dorset Council Highways Department,1
Dorset County Hospital,1
Dorset County Hospital NHS Foundation Trust,1
Dorset Health Care University,1
Dorset Health Care University NHS Foundation Trust,1
Dorset Healthcare University Hospital NHS Trust,1
Dorset Highways Management,1
Basildon and Thurrock University Hospital Trust,1
Dorset University NHS Trust,1
Dovecote Lodge,1
Downham Grange Care Home,1
Downshaw Lodge,1
Drager,1
Drayton Manor Theme Park,1
Driver Vehicle Standards Agency,1
Basildon and Brentwood Clinical Commissioning Group,1
Basildon Road Surgery,1
Driving Standards Agency,1
Drug and Alcohol Team Devon,1
"Department of Housing, Community and Local Government",1
"Department of Health, NHS England",1
"Department of Health and Social Care, Home Office",1
"Cumbria, Northumberland, Tyne & Wear NHS Trust",1
Cumberland Council,1
Cumberland Council Adult Social Care,1
Cumbria Clinical Commissioning Group,1
Belle Green Court Care Home,1
Cumbria County Council (Highways Department),1
Cumbria County Council  ,1
Cumbria Health Limited,1
Cumbria Northumberland Tyne & Wear NHS Trust,1
Belgravia Care Home Ltd,1
Curaleaf Clinic,1
DHL Supply Chain UKI,1
Curo Care Delahey’s,1
Beeston Health Centre,1
Cwm Taf Morgannwg University Health Board ,1
Beechwood Lodge Care Home,1
Cwm Taff University Hospital Health Board,1
Cwn Taf Morgannwg University Health Board,1
Cygnet Hospital,1
Cyngor Gwynedd Council Landowner,1
DAF Trucks Ltd,1
Cuerden care Homes,1
Crystal Care Limited,1
Cruise and Maritime Services International Limited,1
Croydon University Hospital and NHS Trust,1
Cowes Week Limited,1
Coxbench Hall Residential Home,1
Crawley Borough Council,1
Creative Support Limited,1
Credenhill Court Rest Home,1
Crescent Pharma Ltd,1
Cricket Green Medical Practice,1
"Crime, Policing and Fire Service",1
Crisis Resolution Team,1
Croft House Rest Home,1
Crossroads House Care Home,1
Crown Care,1
Crown Commercial Services,1
Crown Prosecution Service,1
Croydon Clinical Commissioning Group,1
Croydon County Council,1
Croydon Health Service,1
Croydon Health Services NHS Trust,1
Croydon University Hospital,1
DD Dodds and Son Ltd,1
DVLA,1
Bedford General Hospital,1
"Department for Foreign, Commonwealth and Development Affairs",1
"Department for Business, Energy and Industrial Strategy",1
"Department for Business, Innovation and Skills",1
Department for Community and Local Government,1
"Department for Culture, Media and Sport",1
Beech Cliffe Grange Care Homes,1
Bedfordshire Police Constabulary,1
"Department for Digital Culture, Media and Sport",1
"Department for Digital, Culture, Media & Sport",1
Department for Energy and Climate Change,1
Department for Housing,1
DVSA,1
"Department for Housing, Communities and Local Government",1
Department for Local Government,1
"Department for Science, Innovation and Technology",1
Bedford Hospitals NHS Foundation Trust ,1
Department for Transport    ,1
"Department for the Environment, Food and Rural Affairs",1
"Department of Business, Energy and Industrial Strategy",1
Bedford Hospital,1
"Department of Environment, Food and Rural Affairs",1
Beechdale Medical Group,1
Department for Business and Energy and Industrial Strategy,1
Beechdene Residential Home,1
Denton Medical Centre,1
DW Fitness First,1
Dairy Lane Care Centre,1
Dalton Surgery,1
Darlington Borough Council,1
Darlington Cattle Mart,1
Darlington Memorial Hospital,1
Darnell Grange Nursing Home  ,1
Darwin medical Practice,1
Daryel Care,1
David Ake & Co Solicitors,1
Davyhulme Medical Centre,1
Daynight Pharmacy,1
Dearne Valley Group Practice ,1
Decathlon UK,1
Deerlands Residential Home,1
Delamere Medical Practice,1
Deliveroo,1
Denbigshire County Council,1
Dennis Eagle Ltd,1
East London Cooperatives Ltd,1
Barts and Whipps Trust,1
Barts and London School of Medicine and Dentistry,1
Future Care & Social Care Association,1
Foxhound Association,1
Free the Way,1
Fremantle Trust,1
Fremington Medical Centre,1
Fresh Student Living,1
Friendship Care and Housing Limited,1
Barnet Council,1
Frimley Health NHS Foundation Trust ,1
Frome Nursing Home,1
G45,1
GRS Recovery,1
"Barking, Havering and Redbridge NHS Trust",1
G4S Care & Justice Services UK Ltd,1
G4S Forensic and Medical Services Ltd,1
G4S Medical Services,1
GE Healthcare,1
GEO Group UK Ltd,1
GMC Fitness to Practise Team,1
GP,1
GP Practice Orchard Surgery,1
Four Season’s Healthcare Home,1
Four Seasons Health Care,1
Fountain Medical Centre,1
Forestry Commission,1
Fire Officers Association,1
First Aid Cover Limited,1
First Class Care,1
First Essex Buses,1
First Mainline,1
First Port Retirement Property Services Limited,1
First Response Group,1
Fisher and Paykel,1
Fitzalan Medical Group,1
Fixodent,1
Flintshire County Council,1
Flixton Road Medical Centre,1
Floron Residential Home,1
Fold Nightclub,1
Food and Drink Federation,1
Ford UK,1
Foreign Office,1
"Foreign, Commonwealth & Development Office",1
"Foreign, Commonwealth and Development Office",1
GP Surgery Parkway Health Centre,1
GS Halls Limited,1
Financial Conduct Authority,1
Grange Care Home,1
Godfrey Care,1
Good Hope Hospital,1
Goodmayes Hospital,1
Goodmayes Hospital Foundation Trust,1
Goodmayes Hospital NHS Trust,1
Google UK & Ireland,1
Governor HMP Hewell,1
Govia Thameslink Railway Ltd,1
Granddwell Estates,1
Grange Clinic,1
Gambling Commission,1
Grasmere Surgery,1
Grassy Meadow Care Centre,1
Gravesham Borough Council,1
Gray’s Inn Road Medical Centre,1
Great Ormond Street Hospital NHS Trust,1
Barking Havering and Redbridge NHS Trust,1
Great Western Railway,1
Barchester Homes,1
Greater Manchester Health and Social Care Partnership/Integrated Care Board,1
Goals Soccer Centres PLC,1
Gloucestershire Social Services,1
Gloucestershire Police,1
"Barking, Havering & Redbridge NHS Trust",1
Garage Equipment Association,1
Gas Safe Network,1
Gateshead Council,1
Gateshead Council ,1
Gateshead Health Foundation Trust,1
Gateshead Health NHS Trust,1
Gender Identity Clinic,1
General Council,1
"Barking, Havering and Redbridge NHS Foundation Trust",1
General Optical Council,1
Glan Clwyd Hospital,1
Glangwili General Hospital,1
Glebelands Care Team,1
Glenholme Holdingham Grange Care Home,1
Glenroyd Medical Practice,1
Globe Court Care Home,1
Gloucestershire Clinical Commissioning Group,1
Gloucestershire Clinical Group,1
Gloucestershire Constabulary,1
Finchale Abbey Farm,1
Festival Republic,1
East London NHS Foundation Trust ,1
Elysium Healthcare ,1
Electricity Networks Association,1
Elizabeth House (Oldham) Limited,1
Elm Tree Court Care Home,1
Elmbridge Borough Council,1
Elmbridge and Ewell Borough Council,1
Eltham Palace Surgery,1
Eltham Park Surgery,1
Elvy Court Nursing Home,1
Elysium Healthcare,1
Emergency Call Prioritisation Advisory Group (ECPAG),1
England and Wales Cricket Board,1
Emergency Operation Centre Norwich,1
"Emergency Preparedness, Resilience and Response",1
Emirates Airlines,1
Emral House Nursery Home,1
Emsworth Surgery,1
Endless Street Surgery,1
Energy Institute,1
Energy Networks Association,1
Enfield Clinical Commissioning Group,1
Eldercare,1
Egton Medical Information Systems Limited,1
Egton Medical Information Systems,1
Egg London Nightclub,1
Barts Hospital NHS Trust,1
Barts Health Trust,1
East Midlands Local Education and Training Board,1
East Riding Council,1
East Staffordshire Borough Council,1
East Suffolk & North Essex NHS Trust,1
East Suffolk Council,1
Barts Health NHS Foundation Trust ,1
East Surrey Hospital Trust,1
East Sussex Health Care NHS Trust,1
Baron’s Park Nursing Home,1
Eastcroft Nursing Home ,1
Eastgate Residential Care Homes,1
Eastleigh Borough Council,1
Eating Disorder Services for Adults,1
Eden Park Surgery,1
Edge Hill Residential Home,1
Edgeley Medical Centre,1
Edgware Community Hospital,1
England Boxing,1
English Football League,1
Festimed,1
Fairlight Nursing Home,1
Executives’ Association of Great Britain,1
Exeter Prison,1
Exeter University,1
Exora Medical Limited,1
FA Group,1
FALCON CRANE HIRE LIMITED,1
FCO,1
Faculty of Intensive Care Medicine,1
Fairfield View Care Centre,1
Family Mosaic,1
English Heritage,1
Farleys Solicitors LLP,1
Farnham Medical Centre,1
Federation of British Tour Operators,1
Federation of Piling Specialists,1
Fell Runners Association,1
Fentons,1
Fentons Solicitors,1
Fern House Surgery,1
Fernlea Nursing Home,1
Excel Care,1
Evolve Services,1
European Union Aviation Safety Authority,1
European Care group,1
English Ice Hockey,1
Environment Agency Headquarters,1
Environmental Services Associations,1
Erewash Borough Council,1
Eschmann Holdings Limited,1
Esher Green Surgery,1
Essex Community Rehabilitation Company,1
Essex County Council ,1
Essex Highways,1
Barnsley Hospital NHS Trust,1
Essex Partnership University NHS Trust ,1
"Barnet, Enfield and Haringey Mental Health NHS Trust",1
Barnet and Chase Farm Hospitals NHS Trust,1
Essex University Partnership Trust,1
Essex University Partnership Trust ,1
Ethelbert’s Children’s Services,1
European Aviation Authority,1
European Aviation Safety Agency,1
European Care,1
Covid-19 Pandemic Response Service,1
Coventry University,1
Greater Manchester Integrated Care Board ,1
"Bury, Rochdale & Oldham Clinical Commissioning Groups",1
Bryntirion Surgery,1
Bucher Municipal Ltd,1
Buckingham Council Children’s Services,1
Buckinghamshire Healthcare NHS Trust,1
Bureau Veritas UK Ltd,1
Burton Croft Surgery,1
Burton Hospitals NHS Trust,1
Bury Clinical Commissioning Group,1
Bury Council,1
Bute House Surgery,1
Broxtowe Borough Council,1
Byron Hamburgers,1
CAMIS,1
CAT,1
CECOPS,1
CGL (Ealing RISE),1
CLS Care Services,1
CMF Limited,1
CNWL,1
CORMAC – Cornwall Council – Highways Department,1
Brunswick Retirement Village,1
Browning Street Surgery,1
Coventry NHS Trust,1
Broadlane View Care Home,1
Birmingham Community Healthcare NHS Foundation Trust,1
British Society of Interventional Radiology,1
British Sub Aqua Association,1
British Sub Aqua Club,1
British Transplant Society,1
British Transplantation Society,1
Birmingham City Council ,1
British Travel Agents,1
Broadgate General Practice,1
Broadmoor Hospital,1
Broomwell Health Watch LYD,1
Bromford Lane Nursing Home,1
Bromley Clinical Commissioning Group,1
Bromley Drug and Alcohol Service,1
Bromley Healthcare,1
Bromleys Solicitors,1
Brompton NHS Trust,1
Brook Medical Centre,1
Brooker Group Limited,1
Broomcroft House Nursing Home,1
CPTA,1
CRG Lead Commissioner,1
CSS Telecare Service,1
Capital Karts Trading Ltd,1
Canal Trust Bath,1
Canary Wharf Group PLC,1
Canary Wharf Management Limited,1
Cancer Alliance,1
Cann House,1
Cannock Chase Hospital,1
Capita Business Services Ltd,1
Capita PLC,1
Capital Care Group,1
Cardiff & Vale University Health Board ,1
CWM Taff University Board,1
Cardiff City Council,1
Cardiff Council,1
Billington Farm,1
Cardinal Health ,1
Care Agency,1
Care First Class UK Limited,1
Care First Homes,1
Care Inn Limited,1
Bilbrook Medical Centre,1
Canal River Trust,1
Canal & River Trust,1
Campus Living Villages,1
Camino Healthcare,1
CaMIS PAS,1
Cabinet Office,1
"Cabinet Office, 1 Horse Guards Road, London SW1A 2HQ",1
Cabinet Secretary for Health and Social Care,1
Cadent Gas Ltd,1
Caerphilly County Borough Council,1
Birmingham Children’s Hospital NHS Trust,1
Calderdale Council Highways Department,1
Calderdale Metropolitan Borough Council,1
Calderdale Royal Hospital,1
Calderdale and Huddersfield NHS Foundation Trust,1
Cambian Group,1
Cambridge County Council,1
Cambridge and Peterborough NHS Trust,1
Cambridgeshire Peterborough Integrated Care System,1
Cambridgeshire and Peterborough Clinical Commissioning Group,1
Cambridgeshire and Peterborough ICB,1
Cambridgeshire and Peterborough Integrated Care Board,1
Birchill’s Health Centre,1
British Society for Haematology (BSH),1
British Retail Consortium,1
British Renal Society,1
Borough Council of King’s Lynn & West Norfolk,1
Bolton Hospital NHS Trust,1
Bolton NHS Trust,1
Bombardier Transportation UK Ltd,1
Bondcare Limited,1
"Bondcare, Clarendon Care Home",1
Boomtown Festival,1
Boots UK Limted,1
Boots UK Ltd,1
Borough Care Ltd,1
Bounce Til I Die,1
Bradford Metropolitan Borough Council,1
Bourne House,1
Bournemouth Borough Council,1
Bournemouth Churches Housing Association (BCHA),1
Bournemouth International Airport Ltd,1
"Bournemouth, Christchurch and Poole Council",1
Bowden Derra Park Ltd,1
Bowmere Hospital,1
Brace Street Health Centre,1
Bracknell Forest Borough Council,1
Bolton Council Commissioning Services,1
Bolton Cares ,1
Boldmere Court Care Home,1
Boehringer Ingelheim Limited,1
Birmingham Women’s NHS Trust,1
Birmingham Women and Childrens Hospital NHS Foundation,1
Birnberg Peirce Solicitors,1
Black Country NHS,1
Black Country NHS Foundation Trust,1
Black Country NHS Trust,1
Black Country Pathological Service,1
Blackpool Council,1
Blackpool Teaching Hospital,1
Blackpool Teaching Hospitals NHS Foundation Trust ,1
Blackpool Victoria Hospital,1
Blaenau Gwent County Borough Council,1
Blatchington Mill School,1
Blenheim House Care Home,1
Bluebird Care,1
Bluebird Care (Kent),1
Boat Safety Scheme,1
Boatfolk Marinas ltd,1
Bodmin Road Health Centre,1
Bracknell Forest Council,1
Bradford Royal Infirmary,1
British Psychological Society,1
British Hospitality,1
British Cardiac Intervention Society,1
British Cardiovascular Intervention Society,1
British Cardiovascular Society,1
British Chambers of Commerce,1
British Diving Safety Group,1
British Drilling Association,1
British Gliding Association,1
British Healthcare Trades Association,1
British Horseracing Authority,1
British Industrial Truck Association,1
Brainwaves,1
British Kite Surfing Association,1
British Marine,1
British Maternal and Fetal Medicine Society,1
Birmingham Community NHS Trust,1
British Mountaineering Council,1
British Oxygen,1
British Parachute Association,1
British Ports Association,1
British Precast Concrete Federation,1
British Board of Agreement,1
British Association of Paediatric Surgeons,1
British Association of Dermatologists,1
British Association for Counselling and Psychotherapy,1
Brake,1
Brancaster Care,1
Brecon Beacons National Park Authority,1
Bright and Hove Clinical Commissioning Group,1
Birmingham Medical School,1
Brighton and Hove Clinical Commission Group,1
Brighton and Hove Council,1
Brighton and Hove Health and Adult Social Care,1
Brighton and Hove Integrated Care Service,1
Birmingham Integrated Care Board,1
Brindaavan Care Home Limited,1
Brisdoc,1
Bristol Ambulance Emergency Medical Services,1
Bristol Clinical Commissioning Group,1
Bristol NHS Trust,1
British Aerosol Manufacturers Association,1
British Airline Pilots’ Association,1
British Airways,1
British Association Perinatal Medicine,1
Care Quality Commission (CQC),1
"Care Quality Commission, Department of Health and Social Care",1
Bexley Social Services,1
Clinisys UK,1
Cleric,1
Clevedon Medical Centre,1
Cleveland Police,1
Cleveland Police Roads Policing Unit,1
Clevermed Limited,1
Clifton Court Nursing Home,1
Clinical Commissioning Group for South Central and North Manchester,1
Clinical Commissioning Group for Wandsworth,1
Clinical Committee,1
Clough Williams-Ellis Trust,1
Berkshire and Surrey Pathology Services,1
Coal Authority,1
Coed Duon Care Home,1
Colchester General Hospital,1
Cole Valley Care Limited,1
Cole Valley Care Ltd,1
Collaborative Mobility UK,1
College and Society of Radiographers,1
College for Policing,1
College of Clinical Perfusion Scientists,1
Claypath and University Medical Group,1
Clatterbridge Cancer Centre,1
Clare House Surgery,1
Clacton Community Practices,1
Child and Adolescent Mental Health Service East Cross Street Clinic,1
Children’s Commissioner for Wales,1
"Children’s Services, Haringey Council",1
Chilton Care Centre,1
Chippenham Community Hospital,1
Christian Congregation of Jehova’s Witnesses,1
Church Elm Lane Medical Practice,1
Church Inn,1
Church Lane Surgery,1
Church of England,1
Churchers Solicitors,1
Circle Health Group Ltd  ,1
City Healthcare Partnership Hull,1
City and County Healthcare Group,1
City and County of Swansea,1
City and Hackney GP Confederation,1
City of Bradford Metropolitan District Council,1
City of York Council,1
Berrycroft Manor Care Home,1
College of Paramedics,1
Collingwood Nursing Home,1
Chief Probation Officer,1
Cornwall Partnershipship NHS Trust,1
Consumer Relations and Legal Affairs,1
Copperfields Nursing Home,1
Corbett House Nursing Home,1
Cornwall Council Local Adult Safeguarding Board,1
Cornwall County Council,1
Cornwall Health,1
Cornwall Partnership (Foundation) Trust,1
Berkeley Home Health,1
Berger Primary School,1
Cornwall and Isles of Scilly Safeguarding Adults Board,1
Colton Lodges Nursing Home,1
Coronary Heart Disease Review,1
Coronary Heart Disease Review’s Clinical Advisory Panel,1
Council of Psychotherapy,1
Counsellor,1
Countrywide Care Homes,1
County Durham & Darlington NHS Foundation Trust ,1
Bendpak Inc,1
"County Durham and Darlington NHS Trust, Grosvenor Park Care Home",1
County Hospital Stafford ,1
"Consultant Psychiatrist, Keats House, London",1
Consultant Physician and Gastroenterologists,1
Consular Feedback Team,1
Construction Plant Hire Association,1
Comfort Call Limited,1
Comish Way Group Practise,1
Commissioner for Highways,1
Commissioner for Transport,1
"Commissioning and Operations, Centra Midlands NHS",1
Community Mental Health Recovery Services,1
Community Mental Health Team,1
Community Nurse Locality Team Lead,1
Community Pharmacy England,1
Company Chemists’ Association,1
Compliance Manager,1
Compton Lodge Care Home,1
Confederation of British Industry,1
Congenital Heart Services Clinical Reference Group,1
Connaught House Care Home,1
Connect Plus (M25) Limited,1
Connectivity and Environment,1
Constable of Lincolnshire,1
Construction Industry Council,1
Chief Probation Officer for England and Wales,1
"Chief Nursing Officer, NHS North-East London Integrated Care Board",1
Care UK Limited,1
Central and North West London Mental Health Trust,1
Central & North West London NHS NHS Trust,1
Central Bedfordshire Council,1
Central England Co-operative,1
Betsi Cadwaladr University NHS Trust,1
Central Medical Services,1
Betsi Cadwaladr University Health Board (BCUHB) ,1
Central Northwest London NHS Foundation Trust,1
Central Surgery,1
Central and North West Hospital NHS Trust,1
Betfair,1
Chartered Institution of Waste Management,1
Ceredigion County Council,1
Chair of Association of Ambulance Chief Executives,1
Chalfont Road Surgery,1
Change Glow Live,1
Change Grow Live,1
Change Grow Live (Surrey and Borders NHS Trust),1
Channel Swimming Pilot Federation,1
Charing Healthcare,1
Charity Commission for England and Wales,1
Centra Support,1
Cedar Care Home,1
Cator Medical Centre,1
Catholic Standards Safeguarding Agency,1
Care UK Ltd ,1
Care UK ,1
Care4U Healthcare ,1
Careline365,1
Caremark (Chiltern & Tree Rivers)  ,1
Carewatch,1
Careworld London Limited,1
Carillion,1
Caring Homes Healthcare Group Limited,1
Caring UK,1
Carlsberg Supply Co Ltd,1
Carlton House Rest Home,1
Carmarthenshire County Council County Hall,1
Carralejo Fuerteventura,1
Carrington Doors,1
Castle Rock Group,1
Castlefields Health Centre,1
Castlegate & Derwent Surgery,1
Caterlink,1
Chartered Institute of Highways and Transportation,1
Chartered Insurance Institute,1
Chief Midwife,1
Chief Executive of the Nursing and Midwifery Council (NMC),1
Chief Executive Of Velindre University Nhs Trust,1
"Chief Executive Officer, Barts Health NHS Foundation",1
Chief Executive Oldham Borough Council,1
Chief Executive Pennine Care NHS Foundation Trust,1
Chief Executive Whittington Health NHS Trust Whittington Hospital ,1
Chief Executive of Dorset Healthcare University NHS Foundation Trust (DHUFT),1
Chief Executive of National Institute for Health and Care Excellence (NICE),1
Chief Executive of Worcestershire County Council,1
Chief Executive of the General Medical Council (GMC),1
Chief Executive – Hull Royal Infirmary,1
Chartered Trading Standards Institute,1
"Chief Executive, CQC",1
"Chief Executive, Care Quality Commission,",1
"Chief Executive, Integrated Care Board",1
"Chief Executive, Rotherham Metropolitan Borough Council",1
Chief Fire Officer,1
Chief Fire Officers Association,1
Chief Fire and Rescue Officer,1
Chief Inspector of Prisons,1
Chief Medical Officer for North West Anglia Foundation Trust,1
Chief Executive Of Aneurin Bevan University Health Board,1
Chief Executive North West Ambulance Service,1
Chief Executive Hertfordshire County Council,1
Chief Executive Health Education,1
Chelsea & Westminster Hospital,1
Chelsea and Westminster Hospitals NHS Trust,1
Chelsea and Westminster NHS Foundation Trust,1
Chelsfield Surgery,1
Chemical Business Association,1
Cherish Home Care,1
Cherry Orchard Nursing Home,1
Cheshire Constabulary ,1
Cheshire Council,1
Cheshire Fire and Rescue,1
Cheshire Police,1
Cheshire West and Chester Council,1
Cheshire Wirral Partnership,1
Cheshire and Merseyside Integrated Care Board,1
Chester Hospital NHS Trust,1
Chesterfield Borough Council,1
Chief Constable Greater Manchester Police,1
Chief Constable of Warwickshire Police,1
Chief Coroner of England and Wales,1
Barchester Healthcare Ltd ,1
Greater Manchester Integrated Care Partnership ,1
New Cross Hospital NHS Trust,1
Marble Ideas Ltd,1
Manchester Police,1
Manchester Royal Infirmary,1
Manchester United Football Club,1
Manchester University Foundation Trust (MFT),1
Mandeville Grange Nursing Home  ,1
Manor Field Surgery,1
Manor Park Residential Home,1
Mansfield District Council,1
Mansfield and Ashfield Clinical Commissioning Group,1
Maria Mallaband Care Group,1
Manchester Airport Group,1
Marine Lake Medical Practice,1
Maritime & Coastguard Agency,1
Avon and Salisbury Constabulary,1
Marks and Spencer,1
Martin-Baker,1
Masta Limited,1
Maurice Mason Ltd,1
Mayday Group,1
Mayday Health Care Plc,1
Manchester Medical Service,1
"Managing Director, Sussex Medical Chambers",1
Langford Centre,1
MJ Events,1
M C Federation,1
MAC Skip Hire Limited,1
MAPP,1
MHRA,1
Avon and Wiltshire NHS Trust,1
MHRA ,1
MHSC,1
MIRUS Wales,1
MITIE,1
MPS Investments Ltd,1
Managing Director of Cegedim,1
MRHA,1
Macklin Street Surgery,1
Macmillan Cancer Support,1
Maesteg Comprehensive School,1
1 [REDACTED],1
Avon and Wiltshire Mental Health Partnership Trust,1
Major retailers of e-scooters,1
Malhorta Group,1
"Managing Director 
Northern Railway  
5th Floor 
Northern House 
9 Rougier Street  
York 
YO1 6HZ ",1
Mayfield Care Home,1
Maylands Health Care,1
Maylands Healthcare Surgery,1
Merthyr Tydfil County Borough Council ,1
Avery Healthcare,1
Medway Youth Offending Team,1
Melbourne Ambulance Station,1
Mental Health Directorate,1
Mercedes-Benz,1
Merlin Entertainment Limited,1
Mersey Care NHS Trust,1
Merseyside Passenger Transport Authority,1
Merthyr Tydfil County Borough Council,1
Meta Platforms,1
Meadbank Care Home,1
Metalchem Ltd,1
Metropolis,1
Avenue House Nursing and Care Home,1
Auto Cycle Union,1
Metropolitan Police Service (MPS),1
Metropolitan Police Service ,1
MiHomecare,1
Audlem Medical Practice,1
Mid & South Essex NHS Trust ,1
Medway Council,1
Medway Community Healthcare,1
Medico Legal Manager,1
Avery Healthcare Group,1
Meade Close Care Home,1
Meanwood Group Practice  ,1
MedPure Healthcare,1
Medica Reporting Ltd,1
Medica Reporting Service,1
Medical Care Council,1
Medical Centre Stalybridge,1
"Medical Director, Leeds Teaching Hospitals, NHS Trust",1
Medical Engineer,1
Medical Officer Welsh Government,1
Medical Protection Society,1
Medical Research Council,1
Medical Schools Council,1
Medicine and Health Care Products Regulatory Agency,1
Avon Care Home Limited,1
Medicines UK,1
Medicines and Health Regulatory Authority,1
Medicines and Healthcare Products Regulatory Agency (MHRA),1
Medicines and Healthcare Projects Regulation Authority,1
M & S Water Services,1
Lynmere Nursing home,1
Luton Community Housing Ltd,1
Lime Tree Surgery,1
Leonard Cheshire,1
Level Crossing and Public Safety,1
Lifeshield Medical Services Limited,1
Lifeskills,1
Lifestar Medical Limited,1
Lifestyle Care PLC,1
Lifeway Care Ltd ,1
Liftmaster Servicing,1
Lightwater Quarries Limited,1
Lincolnshire Community Health Services,1
Litch Care for Action,1
BARCHESTER HEALTHCARE LIMITED ,1
Lincolnshire East Clinical Commissioning Group,1
Lincolnshire Hospitals NHS Trust,1
Lincolnshire Integrated Care Board,1
B & D Civil Engineering Limited,1
Lincs Firwood Co Ltd,1
Linden House Surgery,1
Linden Medical Group – Stapleford Care Centre,1
Lisson Grove Health Centre,1
Leigh NHS Foundation Trust,1
Leicestershire and Rutland Integrated Care Board,1
BARDOC,1
Leicestershire Local Safeguarding Board,1
Lapal House and Lodge Care Home,1
Lawn Tennis Association,1
Lean on Me Care Agency,1
Learning Together Network CIC,1
BMA and RCGP,1
Leeds City Council Highways Department,1
Leeds City Council ,1
Leeds Community Healthcare NHS Trust,1
Leeds Martial Arts College,1
Leeds Survivor-Led Crisis Service (Leeds OASIS),1
Leeds Teaching Hospitals,1
BLMK Integrated Care Board,1
Leeds Teaching hospitals and York Hospital Legal trust,1
Leeds and Yorkshire Partnership Foundation Trust (Intensive Supportive Service),1
Leek Health Centre,1
Leicester Campaign Cycling Group,1
Leicester NHS Trust,1
Leicestershire County Council,1
Leicestershire County Council ,1
Lister House Oakwood,1
Little Trethew Horningtops,1
Luton & Dunstable University Hospital NHS Trust,1
London and South Eastern Railway,1
London Borough of Waltham Forest,1
London Borough of Wandsworth,1
London Bridge Hospital,1
London Central & West Unscheduled Care Collaborative,1
Axminster Medical Practice,1
London Fire Brigade (LFB),1
London Metropolitan Police ,1
London North Western Railways,1
London Royal Borough of Greenwich,1
London’s Air Ambulance,1
Littleborough Care Home,1
Long Furlong Medical Centre,1
Longshoot Health Centre,1
Longton Police Station,1
Low Moor Medical Practice,1
Lower Clapton Group Practice,1
Ludlow Street Healthcare,1
Lukka Care Homes Limited ,1
Lundbeck Limited,1
Luton & Dunstable NHS Trust,1
London Borough of Richmond upon Thames,1
London Borough of Lewisham Adult Care Services,1
London Borough of Islington,1
London Borough of Hammersmith & Fulham,1
LivaNova UK Limited ,1
Liverpool Heart and Chest Hospital NHS Trust,1
Liverpool Womens Hospital,1
Livewell South West,1
Local Authority for Stoke on Trent,1
Local Health Board,1
Local Pharmacy Commission,1
Locala,1
Lockfield Surgery,1
Lodge Road Surgery,1
Ayurvedic Professionals Association,1
London Borough Hackney,1
London Borough of Barking and Dagenham,1
London Borough of Bexley,1
London Borough of Bromley,1
London Borough of Croydon,1
London Borough of Croydon ,1
London Borough of Ealing,1
London Borough of Hackney ,1
Mid Cheshire Hospitals NHS Foundation Trust,1
Mid Cheshire NHS Trust,1
Mid Essex Clinical Commissioning Group Trust,1
NRS Healthcare,1
NHS Staffordshire and Stoke-on-Trent ICB,1
NHS Stockport Clinical Commission Group,1
NHS Sussex,1
NHS University Hospitals Trust Plymouth ,1
Association of Anaesthetists of GB and Ireland,1
NHS Wales Shared Services Partnership,1
NICE ,1
NORTHAMPTON GENERAL HOSPITAL NHS TRUST ,1
NPS/NOMS,1
NSL Care Services,1
National Express West Midlands,1
Nant y Gaer Hall Nursing Home,1
National Ambulance Service,1
Association of Anaesthetists Great Britain and Ireland,1
National Autistic Society,1
National Care Consortium Ltd,1
National Child Safeguarding Review Panel,1
National Clinical Director for Children & Young People,1
National Coasteering Charter,1
National Director FOR Mental Health,1
NHS Specialist Pharmacy Service,1
NHS Southern Derbyshire Clinical Commissioning Group,1
NHS South Sefton Clinical Commissioning Group,1
"NHS Shropshire, Telford and Wrekin ICB",1
Association of Chief Fire Officers,1
NHS Greater Manchester Integrated Care Partnership Board,1
NHS Hardwick,1
NHS Herefordshire and Worcestershire ICB,1
Association of British Travel Agents,1
NHS Kernow,1
NHS Lewisham Commissioning Group,1
NHS Lincolnshire West Clinical Commissioning Group,1
NHS Norfolk,1
NHS North Norfolk Clinical Commissioning Group,1
NHS North Western Deanery,1
Association of British Neurologist,1
NHS Nottingham,1
NHS Pathways.,1
NHS Pathways/ NHS Digital,1
NHS Pathways ,1
NHS Professionals Limited,1
NHS Professionals Ltd,1
"NHS Quality, Safety and Investigations",1
National Diving and Activity Centre,1
National Fire Chiefs’ Council,1
NHS England: Department of Health,1
NaturPlus UK,1
National Rail Infrastructure Limited,1
National Referral Support Service,1
National Register of Communication Professionals working with Deaf and Deafblind people (NRCPD),1
National Research Ethics Service,1
National Screening Committee,1
National Society for the Prevention of Cruelty to Children,1
National Trading Standards Board,1
National Tree Safety Group,1
National Water Safety Forum,1
Navigo,1
National General Medical Council,1
Neasham Road Surgery,1
Neath Port Talbot Council,1
Neath Port Talbot County Borough Council,1
Neonatal Network,1
Network Agencies Estate Agents,1
Ashton Lodge Care Home ,1
Network Rail ,1
Neville Hall Hospital,1
New Court Surgery,1
National Rail,1
Aspray House Nursing Home ,1
National Police Council,1
Association Ambulance Chief Executives,1
National Grid,1
National Health Service,1
National Highways Limited,1
National Highways Midlands region,1
Association of Ambulance Chief Executives  ,1
National Infusion and Vascular Access Society,1
National Institute for Cardiovascular Outcomes Research,1
Association of Ambulance,1
National Institute for Health and Care Excellence (NICE),1
National Institute for Health care and Research,1
National Institute for Healthcare and Clinical Excellence,1
Association for Petroleum and Explosives Administration,1
"National Medical Director, NHS England",1
National Medical Examiner,1
National Open College Network as part of the Construction Plant Competence Construction Scheme,1
National Pharmaceutical Association,1
National Pharmacy Association,1
National Plant Operators Scheme,1
National Police Air Service,1
NHS England: Wales and Scotland,1
NHS England  ,1
Attleborough Surgery,1
Minister of State for Care and Mental Health,1
Athena Care Homes (UK) Limited,1
Aston Medical School,1
Milton Keynes Urgent Care Service ,1
"Minister for Education, Wales",1
Minister for Health,1
Minister for Health Welsh Assembly Government,1
Minister for Health and Social Services,1
Minister for Prisons,1
Minister of Defence,1
Minister of State for Children and Families,1
Ministry of Defence ,1
"Minister of State for Disabled People, Health and Work",1
"Minister of State for Education, Department of Education, Orchard House, 20 Great Smith St, London SW1P 3BT",1
Minister of State for Victims and Sentencing,1
"Minister of State, Minister for Social Security and Disability, Department for Work and Pensions, Caxton House, Tothill Street, London SW1H 9NA",1
Minister of Suicide Prevention,1
Ministry for Housing and Local Government,1
Association of the British Pharmaceutical Industry,1
"Ministry of Culture, Tourism and Civil Aviation",1
Association of Train Operating Companies,1
Milton Keynes City Council ,1
Milton Keynes City Council,1
Milton Keynes Adult Social Care,1
Mills Family Ltd,1
Mid and South Essex Integrated Care Board,1
Atrumed Ltd,1
Mid and West Wales Fire and Rescue Service,1
Middlesbrough Council,1
Midgehole Working Mens Club,1
Midlands Partnership NHS Foundation Trust ,1
Midlands Partnership NHS Foundation trust,1
Midlands Partnership Trust,1
Atlantic Reach Limited,1
Midlands and Lancashire Commissioning Support Unit,1
Midway Pharmacy,1
Midwifery and Maternity Portsmouth Hospitals NHS Trust,1
Mildmay Medical Practice,1
Milestones Trust,1
Milford House Care Home,1
Military Aviation Authority,1
Military of Defence,1
Mill View Nursing Home,1
Millbrook Healthcare Limited,1
Ministry of Defence ,1
Association of Police and Crime Commissioners,1
NHS England and Tatiana Aesthetic Dermatology Clinic,1
Association of Independent Gas Transporters,1
Mylan Pharmaceuticals,1
NAViGO Grimsby,1
NEAS Foundation Trust,1
NEAS NHS Trust,1
NEATH PORT TALBOT COUNCIL,1
NHS 111,1
NHS Birmingham and Solihull ICB,1
NHS Black Country ICB,1
Association of Manufacturers Of Domestic Appliances,1
NHS Coastal West Sussex Clinical Commissioning Group,1
"Ministry of Housing,",1
NHS Coventry and Warwickshire ICB,1
NHS Derby & Derbyshire Clinical Commissioning Group,1
"Association of Directors of Environment, Economy, Planning & Transport",1
NHS East Leicestershire and Rutland CGC,1
Association of Directors of Adult Social Services,1
Association of Coloproctology of Great Britain and Ireland,1
NHS England Improvement (PFDs),1
NHS England NHS Improvements,1
Association of Coloproctology of Great Britain,1
My The Orchards Ltd,1
My Care Ltd,1
Musgrove Park Hospital ,1
Mundesley Medical Centre,1
Association of Manufacturers of Domestic Electrical Appliances,1
Ministry of Justice (Coroners),1
Ministry of Justice/HMP Wandsworth,1
Minster Care Group,1
Mitie Care & Custody,1
Mitie Care and Custody Ltd,1
Mitie Group,1
Monmouth County Council,1
Moorbridge School,1
Moorfield House Surgery,1
Moorfields Eye Hospital NHS Foundation Trust,1
Morecambe Bay Clinical Commissioning Group,1
Morton Hall Immigration Removal Centre,1
Moss Farm,1
Motor Cross Federation,1
Motorsport UK,1
Mount Vernon Hospital,1
Mountfield Surgery,1
Mulberry Court Care Home,1
Langley Health Centre,1
Langdon Hospital,1
Greater Manchester Mental Health & Social Care Trust,1
Harrogate & Rural District Clinical Commissioning Group,1
Handicare Accessibility Ltd,1
Hands of Light Academy,1
Happy at Home Community Care Services Ltd ,1
Harbour Health Care Limited,1
Harbour Healthcare Limited,1
Harden & Bingley Park Ltd,1
Haringey Council,1
Harmoni HS,1
Harmoni South East,1
Harrogate Borough council,1
Hampshire and Isle of Wight Healthcare Foundation NHS Trust,1
Harrogate District Hospital,1
Harry Sotnick House,1
Hart Care Nursing and Residential Home,1
Hartlepool Borough Council,1
Hartlepool Council,1
Hatton Traffic Management,1
Haughton Thornley Medical Centres,1
Haulage Contractors  Limited,1
Haven Day Care Centre,1
Hampshire and Isle of Wight Integrated Care Board,1
Hampshire and IOW Constabulary,1
Landsec,1
Hackney Carriage Association for the area of Kingston Upon Hull,1
Bailey Trailers Ltd,1
HMPPS ,1
HMPS,1
HMYOI Cookham Wood,1
HSB Engineering Insurance Services Limited,1
HSE,1
HSIB,1
HUTH,1
Hackney Alcohol Recovery Centre,1
Hainault Surgery,1
Hampshire Police Constabulary,1
Halfords Group PLC,1
Halton Clinical Commissioning Group,1
Hamerton Zoological Park,1
Hamilton Community Homes Ltd,1
Hampshire & Isle of Wight Constubulary,1
Hampshire Constabulary Police,1
Hampshire Highways,1
Hampshire NHS Trust,1
Hampshire Police,1
Havering Highways,1
Havering and Redbridge University Hospitals NHS Trust,1
Hawthorn Green Care Home,1
Heritage Attractions Ltd,1
Heaton Norris Health Centre,1
BUPA Care Homes,1
Hempstead Valley Shopping Centre,1
Henning Hall Nursing Home,1
Hereford County Hospital,1
Hereford Medical Group,1
Herefordshire Clinical Commission Group,1
BUPA Ardenlea Grove Nursing Home,1
Herefordshire and Worcestershire Healthy Minds,1
Herries Lodge Care Home,1
Haywood Hospital,1
Hertfordshire & West Essex Integrated Care Board,1
Hertfordshire Trading Standards,1
Herts Urgent care Limited,1
Hewett School,1
Heywood Health,1
Hibiscus Housing Association Limited,1
High Commissioner for Saint Lucia to the UK,1
High Meadows Care Home,1
High St Surgery,1
Heaton Moor Medical Group,1
Heaton Moor Medical Centre,1
Heaton Medical Centre,1
Heathrow Airport,1
Hazelmere Medical Centre,1
"Head of Healthcare, HMP Leeds",1
Head of Safeguarding,1
Head of the Roman Catholic Church of England and Wales,1
Health Education East of England,1
Backhouse Jones,1
Health Education and Improvement Wales,1
Health Services Safety Investigations Board,1
Health Services Safety Investigations Body (HSSIB),1
Health and Communities Wakefield,1
Health and Housing – Central Bedfordshire,1
BUPA UK Provision,1
Healthcare Care UK,1
Healthcare Management Solutions Ltd,1
Healthcare Quality Improvement Partnership Ltd,1
BUPA UK,1
BUPA Care Services,1
"Heath Secretary, Department of Health",1
Heathcotes Group,1
HMP YOI Portland,1
HMP YOI Glen Parva,1
HMP Wormwood Scrubs ,1
HM Prison & Probation Service,1
HCA Health Care UK,1
HCA Healthcare UK,1
HCRG,1
HCRG Care Group,1
HCRG Care Services Ltd,1
HICA Group,1
HM Inspectorate of Probation,1
HM Principle Specialist Inspector,1
HM Prison,1
HM Prison & Probation Service ,1
HMP Berwyn,1
HM Prison Bedford,1
HM Prison Leeds,1
HM Prison Pentonville,1
HM Prison Usk,1
HM Prison Wakefield,1
HM Prison Wealstun,1
Banes Park and Services,1
HM YOI Glen Parva,1
HM Youth Offenders Institute Hindley,1
HC-One Limited,1
HC-One Healthcare Company,1
HC-One,1
Bank Close House Residential Care Home,1
Bannau Brycheiniog National Park,1
Greater Manchester Mental Health NHS Foundation Trust (GMMH),1
Greater Manchester Mental Health and Social Care,1
Bannatyne Group,1
Greater Manchester Police ,1
Greater Manchester Stroke Operational Delivery Network,1
Green Lane Care Homes Limited,1
Green Porch Medical Centre,1
Green Range Limited ,1
Green Surgery,1
Greenbrook Healthcare,1
Greenrod Place,1
Guest Medical,1
Guildford and Waverley Clinical Commissioning Group,1
Guinness Care,1
Gwern Alyn House Residential Home,1
Gwynedd Council,1
H R Healthcare Limited,1
HAE Ltd,1
Banes Highways,1
HMP Bristol,1
Balfour Beatty Route Manager,1
HMP Stoke Health,1
HMP Nottingham,1
HMP Parc,1
Bampton Surgery,1
HMP Ranby,1
HMP Ranby ,1
HMP Rochester ,1
HMP Rye Hill,1
HMP Ryehill,1
HMP Stoke,1
HMP Stoke Heath,1
HMP Bullingdon,1
HMP Styal,1
HMP Thameside,1
HMP The Mount,1
HMP Usk,1
HMP Wakefield,1
Bamford Grange Nursing Home,1
HMP Wayland,1
Bamford Grange Care Home,1
"HMP Woodhill,",1
HMP Northumberland,1
HMP North Sea Camp,1
HMP Lowdham Grange ,1
HMP Lowdham Grange,1
HMP Cardiff,1
HMP Coldingley,1
HMP Cookham Wood,1
HMP Dartmoor,1
HMP Downview,1
HMP Eastwood Park,1
HMP Elmley ,1
HMP Featherstone,1
HMP Forest Bank,1
HMP Frankland,1
HMP Grendon,1
HMP Guys Marsh Prison,1
HMP Highpoint,1
HMP Humber,1
HMP Lancaster Farms,1
HMP Leicester,1
HMP Lincoln,1
HMP Liverpool,1
Banes Clinical Commissioning Group,1
Highgate Care Home,1
Highgrove Rest Home,1
Highlands and Trafalgar Square Surgery,1
John Stanley Agency,1
James Paget University NHS Foundation Trust ,1
Jeesal Residential Care Services,1
Jesta Capital Corporation,1
Jet2.com Ltd,1
Jigsaw Homes Group,1
Jigsaw Homes Tameside,1
Jockey Club,1
John Radcliffe Hospital,1
John Somerscales Ltd,1
Johnnie Johnson Housing,1
Kenny & Murphy Limited ,1
Johnson and Johnson Medical Devices,1
Joint Advisory Group on GI Endoscopy,1
Joint Select Committee for the Draft Online Safety Bill,1
Jubilee Court Nursing Home,1
Jubilee Gardens Care Centre,1
Jubilee Stores,1
Jurys Inn Birmingham,1
Just Eats,1
Kendal Calling,1
James Cook University Hospital,1
Jaguar Land Rover ,1
JV Ltd,1
JHS Contracts,1
Intensive Care Medicine,1
Intensive Care Society of England and Wales,1
Internation Scientific Supplies Ltd,1
International Maritime Organisation,1
International Organization of Motor Vehicle manufacturers,1
Interweave,1
Invacare Rehabilitation,1
Ipswich Hospital,1
Irish Aviation Authority,1
Isle of Wight Adult Safeguarding Team,1
Isle of Wight Ambulance Service,1
Isle of Wight Highways Department,1
BMI Hospitals,1
Islington Council,1
Islington Council ,1
Islington Social Services,1
Iveagh Surgery,1
J A Mitchell & Sons,1
JD Wetherspoon PLC,1
Kendray Hospital,1
Kent & Medway NHS & Social Care Partnership Trust,1
Integrated Care Board (NHS North East and North Cumbria),1
Lambeth Borough Council,1
LANTRA,1
LAS Legal Services,1
LEC Refrigeration,1
LNER,1
LPFT Legal Services,1
LTE Group,1
LTHTR,1
Laing O’Rourke UK & Europe,1
Lakeview Care Home,1
Lambeth Council,1
Kent Central Ambulance Service   ,1
Lambton Care Home,1
Lambton House LTD,1
Lancashire Care Foundation Trust,1
Lancashire Teaching Hospital,1
Lancashire and South Cumbria NHS Foundation Trust,1
Lancs & Cumbria Lifts UK Ltd,1
Land Owner,1
Lands End Resort,1
"Lands, Estates and Property Housing and Land Directorate, Greater London Authority",1
L&Q Group Housing,1
Kockey Road Medical Centre,1
Knowle House Surgery,1
Kirby Road Surgery,1
Kent Community Health NHS Foundation Trust,1
BMI Hospital Thornbury,1
Kent and Canterbury Hospital,1
Kent and Medway Cancer Collaborative,1
Kent and Medway Mental Health Directorate,1
Kent and Medway Mental Health Trust,1
BMI Healthcare Limited,1
BMI Healthcare,1
Kier Highways Ltd,1
Killick Street Health Centre,1
Kindandental,1
King Street Medical Centre,1
King Street Medical Practice,1
Kingkabs ,1
BMI Health Care,1
Kingsley Care Home,1
Kingston Council,1
Kingston Hospital NHS Trust,1
Kingston Upon Hull Council,1
Integrated Health Board NHS Sussex,1
Integrated Care Board,1
BT,1
BNF Publications,1
Home Affairs,1
Home Care Support Limited,1
Home Department,1
Home Dot Care Limited,1
Home Farm Trust Limited,1
Home Group,1
Home Group Limited ,1
Home Instead Senior Care,1
BOC Limited,1
Homerton Healthcare NHS Foundation Trust,1
Housing of Vulnerable People (Building Safety),1
Homerton University Hospital NHS Trust ,1
Homerton University NHS Trust,1
Honda UK,1
Hopwood House Medical Practice,1
Horsham and Mid Sussex Clinical Commissioning Group,1
"Hospital Manager, Goring Hall",1
Hospital NHS Trust Derriford Hospital,1
Hotpoint UK Appliances Limited,1
Hoults Limited,1
Holy Cross Hospital,1
Holmleigh Care Homes Ltd,1
Holmes Care Group Limited,1
Holme Farm,1
Highways Agency Essex County Council,1
"Highways Authority, Cornwall Council",1
Highways Department Birmingham City Council,1
Highways Department ,1
BSI Group,1
Highways England National Traffic Operations Centre,1
Highways England ,1
Highways Infrastructure Development and Waste,1
"Highways and Infrastructure, Birmingham City Council",1
Hillbrook Grange Residential Care Home,1
Hillcare Group,1
Hillingdon Council,1
Hilton Hotel,1
Himalayan Encounters,1
Hinchingbrooke Hospital,1
Hindley Health Centre Pharmacy,1
Hirst Electrical Plant Hire Services UK Ltd,1
Holcroft Grange,1
Holderness Health – Hedon Group Practice.,1
Hounslow Borough Council,1
Howlish Hall Care Home,1
Insure and Co,1
Independent Monitoring Board,1
Ilkeston Community Hospital,1
Ilkley Town Council,1
Impact Housing Association,1
Improving Access to Psychological Therapies,1
In Mind Healthcare Group Ltd,1
Incarace,1
Independence Homes Limited,1
"Independent Futures, Southwinds Care Home",1
Independent Healthcare Providers Network,1
Independent Training Standards Scheme and Register,1
Huddersfield Royal Infirmary,1
Indesit Company,1
Indian Brasserie,1
Informa Healthcare,1
Inmind Healthcare Group,1
Inspector of Diving,1
Inspire You Care Ltd,1
Instastop Ltd,1
Institute of Directors,1
Institution of Gas Engineers,1
Ideal Care Home Ltd,1
Ice Hockey UK,1
IPRS Aeromed,1
IPCC,1
Hugo Boss UK,1
Hull City Council,1
Hull Combined Court Centre,1
Hull Royal Infirmary,1
"Hull and East Riding NHS Trust, The Local Medical Committee",1
Human Kind Charity,1
Human Race Limited,1
Human Resources,1
Humber & North Yorkshire Health and Care Partnership,1
Humber Bridge Board,1
Humber Teaching NHS Foundation Trust ,1
Humberside Police,1
Hunters Lodge Care Home,1
Hurst Hall Care Centre,1
Hylton View Care Home,1
Hywel Dda Health Board,1
BMI The Shelburne Hospital,1
Hywel Dda University Local Health Board,1
IOPC,1
Magenta Living Support Link,1
